LA11_1_1,LA11_1_2,LA11_1_3,LA11_2_1,LA11_2_2,LA11_2_3,LA11_3_1,LA11_3_2,LA11_3_3,LA11_4_1,LA11_4_2,LA11_4_3,LA14_1_1,LA14_1_2,LA14_1_3,LA14_2_1,LA14_2_2,LA14_2_3,LA14_3_1,LA14_3_2,LA14_3_3,LA14_4_1,LA14_4_2,LA14_4_3,LA3_1_1,LA3_1_2,LA3_1_3,LA3_2_1,LA3_2_2,LA3_2_3,LA3_3_1,LA3_3_2,LA3_3_3,LA3_4_1,LA3_4_2,LA3_4_3,LA6_1_1,LA6_1_2,LA6_1_3,LA6_2_1,LA6_2_2,LA6_2_3,LA6_3_1,LA6_3_2,LA6_3_3,LA6_4_1,LA6_4_2,LA6_4_3,LB1_0_1,LB1_0_2,LB1_0_3,LB1_1_1,LB1_1_2,LB1_1_3,LB1_2_1,LB1_2_2,LB1_2_3,LB1_3_1,LB1_3_2,LB1_3_3,LB1_4_1,LB1_4_2,LB1_4_3,LB14_1_1,LB14_1_2,LB14_1_3,LB14_2_1,LB14_2_2,LB14_2_3,LB14_3_1,LB14_3_2,LB14_3_3,LB14_4_1,LB14_4_2,LB14_4_3,LB2_1_1,LB2_1_2,LB2_1_3,LB2_2_1,LB2_2_2,LB2_2_3,LB2_3_1,LB2_3_2,LB2_3_3,LB2_4_1,LB2_4_2,LB2_4_3,sum.taxonomy
0.23079411805264244,0.3324489429320986,0.14752952782879758,0.33601910480117403,0.2510687559733183,0.3564342165757372,0.26698407997718676,0.290336870323263,0.4040255190696944,0.4315926277953194,0.49205351941879977,0.17359041624712757,0.217810031608578,0.15806903064443142,0.2999047077401168,0.24070093880977714,0.3314508256917147,0.218426152720711,0.2893091121753093,0.30204203694747533,0.2799351965538589,0.21383735453588165,0.2618221042259329,0.3539094094917453,0.19994979868588997,0.34033926614637555,0.31203444028767724,0.25652011900599414,0.24609744408382342,0.27433624729410233,0.2576802445746579,0.23161160139132456,0.17391206295424141,0.10019853096972278,0.03276506143456749,0.11208497326715895,0.6991300809581242,0.7758104569359071,0.7539035926526237,0.7988556234289068,0.7021793891886842,0.78180588742122,0.8765186259395745,0.8452371324236272,0.6347340133817901,0.4355052298358298,0.533193749788906,0.4833045108782128,0.406132195267555,0.2694186457439511,0.3486793119035563,0.8242296450109122,0.8437187351471419,0,0.7621860799300286,0.48474670070728837,0.7976009761581996,0.7606992686431965,0.7787229960657271,0.876748160848796,0.24261392758691502,0.9990592558802964,0.5421225284641047,0.6934201461911412,0.764536822067067,0.8722241532569737,1,0.8222532799533642,0.8637944383404097,0.7775408051186095,0.7748829007456313,0.7769044129124436,0.6931977250184873,0.6504333890011215,0.8426842505874554,0.3989787736099743,0.5410020223327899,0.3076454642292323,0.3930766131665926,0.3394242993316442,0.2894677426489651,0.3176605455745366,0.4543476260440954,0.45202666265192726,0.4693945769166488,0.19948917756850992,0.22968557973312445,Eukaryota;Chordata;Actinopteri;Clupeiformes;Engraulidae;Engraulis;Engraulis mordax
0,0,0,0,0,0,0,0,0.010058284037385236,0,0,0,0.49890086562367064,0.6550235099674422,0.04571522718309567,0.3861147511402534,0.007071133352975883,0.8477316509384718,0.2617013244925247,0.246217882077042,0.43995396148097915,0.5550320238754999,0.22358116159776847,1,1.194802230051276e-4,0,0,0,0,0,0,0,0,0,0,0,0.08516721280114861,0,0,0.08383058527431203,0,0.005657325664059388,0.001745416917859425,0.136361946222143,4.144120306572506e-4,0,0.5806069943313701,8.12774846076012e-4,0,0,0,0,0,0,0,0,3.559472018682214e-4,0,0,0,0,0,0,0.006023287381713788,0,9.168317313252892e-4,0,0,0,0,1.5932118750425412e-4,0,0,6.608013768766161e-5,0.005987383242470576,0,0,0,0,0,0,0,0,0,0,0,0,Eukaryota;Chordata;Actinopteri;Gobiiformes;Gobiidae;Tridentiger;Tridentiger trigonocephalus
0,0,0,0,0,0,0.023058442565657585,0,0,0,0,0.6150333377102756,0,0,0,0,0,0,0,0,0,0,0,0,0,0,0.14955656952433902,0.040584174314107116,0,0.008827542014849034,0,0,0,0,0,0.03738176246851761,0,0,0,0,0,0,0,0.016894190189988004,0,0,0,0,0,0,0,0,0,0,0,0,0,0,0,0,0,0,0.0708605212271188,0,0,0,0,0,0,0,0,0.0754358745855098,0,0,0,0,0,1,0.0372908471559592,0.03924753294737521,0.0837943534898672,0,0,0,0.9227134431191605,0,0,Eukaryota;Chordata;Actinopteri;Batrachoidiformes;Batrachoididae;Porichthys;Porichthys myriaster
0,0,0.06398964786481645,0,0.14788464968120135,0,0.033913543894096655,0.006983838035964676,0.16858309319216075,0.008021763944823812,0,0.050253852033632376,0.019688610467915358,0,0,0,1,0,0,0,0,0,0,0,0.05695211244640235,0.005853565578507706,0.037509949567375085,0.1245044231959478,0.004719103458204275,0.04100429854790043,0.02481577349087341,0.13336571851053097,0.03604551261745904,0,0.05823201184999311,0,0,0,0,0,0,0.9131900304892223,0,0,0,0.0900976027930451,0,0,0,0,0,0,0,0,0,0.14117127456522477,0,0,0,0,0,0,0,0,0,0,0,0.004450571715796203,0,0,0.032172866803560685,0,0,0,8.786883124100058e-4,0,0,0,0,0.20917620641052817,0,0.11350483284660529,0,0,0.01465340502626237,0.27846717631958406,0,Eukaryota;Chordata;Actinopteri;Blenniiformes;Clinidae;Heterostichus;Heterostichus rostratus
0,0.11923099350979494,0.024043099085504054,0.029567777504650967,0,0.026460633293392318,0,0.0033882686978675396,0.0051859302270393665,0.02959410358908203,0.06724313082405313,0.0026446425623450503,0,0,0.012264973566033321,0,0,0,0,0.006013674756989725,0.6618196326982687,0,0.012785365148067895,0,0,0.0011832947322110118,0,0.024475293615057417,0.09965515767257109,0.06736354150033276,0,0.002757252183404021,0.020678128227739137,0,0,0,0,0.30033756262570993,0,0.0910537666432741,0.035337925871507816,0.030365146444310247,0.0017895471696622771,0,0.04484948078727222,0.014803219955039984,0.019367956435588914,0.019886156190608094,0.5255780049611418,0.053757337038282844,0,0,0.41984036797304797,0,0.16074769082281562,0.11650971227546639,0.052714536852049874,0.029039451250736578,0.3753171014464964,0,0,0.010355824849342688,0.5137679819640514,0,0,0,0,0,0.027120236728605727,0,0,0.012891257092162085,0,0,0.16210177008144028,0,0,0,0,0,0,0.008652418918829397,0.02213086860640393,0.13758483646363012,0.01375978965923212,0.02509611083715316,1,Eukaryota;Chordata;Actinopteri;Scombriformes;Stromateidae;Peprilus;Peprilus simillimus
0,0.020524383165074232,0,0,0,0,0.025647517843364075,0,0,1,0,0,0,0,0,0,0,0,0,0,0,0,0,0,0,0,0,0.02178223769531436,0,0,0,0,0,0,0,0,0,0,0,0,0,0,0,0,0,0,0,0,0,0,0,0,0,0,0,0,0,0,0,0,0,0,0,0,0,0,0,0,0,0,0,0,0,0,0,0,0,0,0,0,0,0,0,0,0.00988846563272709,0,0.3213426909846149,Eukaryota;Chordata;Actinopteri;Perciformes;Cottidae;Ruscarius;Ruscarius creaseri
0,0,0,0,0,0.039073337449976035,0.009026097889522603,0.004089250392081696,0,0.022882760591724265,0.005583506807998407,0.10297872309332619,0,0,0,0,0,0,0,0,0,0,0,0,0.4063834680766648,0.02665787724553815,0,0.007128533995933397,0.03871487274372319,0.13954870580761639,0.14828452367912204,0,1,0.031794221721712715,0.0018927545253647738,0.37803954399124157,0,0,0.08290537486461451,0,0,0,0,0,0,0.01582110606882896,0,0,0,0.19424423215544656,0,0,0,0,0,0,0,0.06427131186055052,0,0,0,0,0,0,0,0,0,0.008862325182111757,0,0,0,0.007522676986763615,0,0,0,0,0,0.01964237061776393,0,0,0.013456750458366766,0.01456591231698588,0.516008398615255,0,0.018203259800159823,0,0,Eukaryota;Chordata;Actinopteri;Centrarchiformes;Kyphosidae;Medialuna;Medialuna californiensis
0,0,0,0,0,0.005764487923465738,0.015002917128347438,0,0,0.0015013838862805975,1,0.058766206168826066,0,0,0,0,0,0,0.019369863197429726,0.05820958738894985,0,0,0.0013926553113062028,0,0.002835498565106761,0.005112686243836596,0.0161814078578658,0.1990605400498982,0.03520363702087546,0.093296971282560065,0.05480645302859725,0.9062630470470132,0.468237695905336,0.23684078155438676,0.07719135599062386,0.2836243133581741,0,0,0.3341926626783726,0,0.06591771425005422,0.047621911315386414,0,0.014797141108398802,0,0,0.031966070274569006,0.003507042043274538,0,0,0,0,0,0,0.04669216150643026,0,0.026280553786730262,0,0,0,0,0,0,0.0037815965415283373,0.02793003424760876,0,0.004274388413737884,0,0,0.009132479533646268,0,0.00213135931943381,0,0.00287505251177453,0,0.15818750845233487,0.01640931312211137,0,0.07512258467497224,0.12203408580700685,0.13420451301203834,0.043793490475570115,0.04843157049060641,0.009666108523398347,0,0.022509589183242737,0.08064518492338714,Eukaryota;Chordata;Actinopteri;Blenniiformes;Clinidae;Gibbonsia;
0,0,0,0,0,0,0,0,0,0,0,0,0,1,0,0,0,0,0,0,0.1093514028737881,0.6451604374938337,0,0.026227894479636613,0,0,0,0,0,0,0,0,0,0,0,0,0,0,0,0,0,0,0,0,0,0,0,0,0,0,0,0,0,0,0,0,0,0,0,0,0,0,0,0,0,0,0,0,0,0,0,0,0,0,0,0,0,0,0,0,0,0,0,0,0,0,0,Eukaryota;Chordata;Chondrichthyes;Lamniformes;Alopiidae;Isurus;Isurus oxyrinchus
0.02745096109669974,0.04817443502027516,0.10476402689839526,0.23630736719591133,0.1318999311300544,0.3500818536277754,0.40345632815042876,0.3334782001877894,0.15713138992849612,0.21832409240016584,0.457749335685198,0.25073029837113214,0.007173643184723143,0.02480397183559783,0.011455276910059582,0.1229165608112114,0.12176714503818221,0.029760529859834954,0.0137384435319955,0.004285215463206671,0.08669619117468885,0.09242063380809923,0.01132779879979259,0.008947113389748304,0.4249941071173704,0.1814402475078249,0.11678137762721266,0.21113414122384078,0.1992066829032099,0.42444383636974936,0.32917929716767874,0.3511370487675614,0.18496495244982217,0.5092429388347676,1,0.5322642710604649,0.07527575061417506,0.009186374502880505,0.01931375895078544,0.043676676098379996,0.15263286847796664,0.039430735448380404,0.027412479518718127,0.03733595032738607,0.012334966437998808,0.06370440444014433,0.018183920508693194,0.04637921838871817,0.2133956142373433,0.17554744206302714,0.22005328202825553,0.2736013220942088,0.249597770389406,0,0,0.021169786819103364,0,0.07141075495024068,0,0.08376501102317087,0.85581777709137,0,0.041063574289431366,0.06095372183812621,0.1814957139631012,0.0463018191600722,0.10792964024500921,0.05672183646479835,0.056731417113909124,0.040008785615450064,0.17030049059416097,0.17668961201411176,0.15707956274305312,0.11844631394513633,0.03803434967488689,0.603359939629999,0.6321671946937729,0.14445589380345294,0.7047065672742646,0.16519890863126263,0.08084416428774005,0.15390447098047763,0.019995924402835798,0.34715922581403397,0.10666466740686939,0.1043829517846158,0.02368474605379364,Eukaryota;Chordata;Actinopteri;Scombriformes;Scombridae;Scomber;Scomber japonicus
0,0,0,0,0,0,0,0,0,0,0,0.7853710366364841,0,0,0,0,0,0,0,0,0,0,0,0,0,0,0,0,0,0,0,0,0,0,0,0,0,0,0,0,0,0,0,0,0,0,0,0,0,0,0,0,0,0,0,0,0,0,0,0,0,0,0,0,0,0.29078384152411296,0,0,0,0,0,0.12695811128544154,0,1,0,0,0,0,0,0,0,0,0,0,0,0,0,Eukaryota;Chordata;Mammalia;Artiodactyla;Delphinidae;;
0,0,0.1418834809763217,0.1841794475951205,0,0,0,0,0,1,0,0,0,0,0,0,0,0,0,0,0,0,0,0,0,0,0,0,0,0,0,0,0,0,0,0,0,0,0,0,0,0,0,0,0,0,0,0.2792036719535505,0,0,0,0,0,0,0,0,0,0,0,0,0,0,0,0,0,0,0,0,0,0,0,0,0,0,0,0,0,0,0,0,0,0,0,0,0,0,0,Eukaryota;Chordata;Actinopteri;Pleuronectiformes;Paralichthyidae;Citharichthys;
0.061130759651307605,0,0,0,0,0,0,1,0,0,0,0,0,0,0,0,0,0,0,0,0,0,0,0,0,0,0,0,0,0,0,0.2140311644320078,0,0,0,0.08935731154348472,0,0,0,0,0,0,0,0,0,0,0,0,0,0,0,0,0,0,0,0,0,0,0,0,0,0,0,0,0,0,0,0,0,0,0,0,0,0,0,0,0,0,0,0,0,0,0,0,0,0,0,Eukaryota;Chordata;Actinopteri;Salmoniformes;Salmonidae;Oncorhynchus;
0,0,0,0,0,0,0,0,0.029843575095202243,0,0,0,0,0,0,0,0,0,0,0,0,0,0,0,0,0,0,0,0,0,0,0,0,0,0,0,0,0,0,0,0,0,0,0,0,0,0,0,0,0,0,0,0,0,0,0,0,0.04971638632599314,0,0,0,0,0,0,0,0,0,0,0,0,0,0.02666043985825712,0.012182695641316885,1,0,0,0,0,0,0,0,0,0,0,0,0,0,Eukaryota;Chordata;Actinopteri;Ophidiiformes;Ophidiidae;Ophidion;Ophidion scrippsae
0,0.14112379636172953,0,0,0,0.2340124017920012,0,0.31997963708192895,0,1,0,0,0,0,0,0,0,0,0,0,0,0,0,0,0,0,0,0,0.01853279370535404,0,0,0,0,0,0,0.4825731175486387,0,0,0,0,0,0,0,0.10565034598547349,0,0,0,0,0,0,0,0,0,0,0,0,0,0,0,0,0,0,0,0,0,0,0,0,0,0,0,0,0,0.8920189920285136,0,0,0,0,0,0,0,0,0,0,0,0,0,Eukaryota;Chordata;Actinopteri;Pleuronectiformes;Paralichthyidae;Citharichthys;Citharichthys sordidus
0,0,0,0,0,0,0,0,0,0,0,0,0,0,0,0,0,0,0,0.19780516969271988,0,0,0,0,0.789505678199814,0,0.060223773328345956,0.2300721227789755,0,0.5791189508772033,0,0,0,0,0,0,0,0,0,0,0,0,0,0,0,0,0,0,0,0,0,0,0,0,0,0,0,0,0,0,0,0,0,0,0,0,0,0,0,0,0,0,0,0,0,0,0,0,0,0,0,0,0,0,0,0,1,Eukaryota;Chordata;Actinopteri;Syngnathiformes;Syngnathidae;Syngnathus;Syngnathus leptorhynchus
0.16317818843921067,0.22525490042577945,0.1503936830356973,0.08051558026607562,0.17164433606149024,0.10840529640747808,0.052117610383518295,0.13090912990891168,0.13285871909025926,0.16576530458842764,0.1830649682772639,0.11967074801265144,0.014173987053193504,0.06922494825763213,0.06607572345217354,0.002756599717061611,0.005140140869943572,0.006374153035140693,0.005400491079486215,0.007412715101840702,0.18172936562314465,0.012569567835095897,0.012237015738096668,0.01578986910224202,0.19241439764616852,0.05500432642849715,0.21300490658463925,0.14605620799256133,0.17537993787576434,0.3092815390185438,0.08418092032830785,0.14630847142047287,0.29333280744361806,0.11926423282726213,0.16934133660612188,0.06815814146903709,0.05819975081705547,0.05517865223195695,0.06990521223965747,0.1364356300524557,0.007107589703555077,0.06729319487675384,0.08946254000628154,0.06590499426018352,0.15728255532522145,0.28962559715571096,0.2146315929606199,0.299057996687615,0,0.07808877213753639,1,0.06908796796135852,0,0,0,0,0.0015837081346194023,0.001677709265616063,0.012871595721051537,1.9935834142885775e-4,0.1973623023523101,0,9.315013216277048e-4,0.05698158078546994,0.0020246158091065908,4.0407560673084313e-4,0.025930948080241913,0.001469722162304605,0.004089576780934727,0.0016433384645183652,0.004463838809751072,0.01891787007251275,0.005684857043389676,0.040714687768476976,0.007586612539779533,0.013124401076452732,0.0010998148753883137,0,0,0.08180630795470899,0,0.16275007427505755,0.00885594193053842,0,5.069837441128234e-5,0,0,Eukaryota;Chordata;Actinopteri;Clupeiformes;Clupeidae;Sardinops;Sardinops sagax
0,0,0,0,0,0,0,0,0,0,0,0,0,0,0,0,0,0,0,0,0,0,0,0,0,0,0,0,0,0,0,0,1,0,0.09432042776908862,0,0,0,0,0,0,0,0,0,0,0,0,0,0,0,0,0,0,0,0,0,0,0,0,0,0,0,0,0,0,0,0,0,0,0,0,0,0,0,0,0,0,0,0,0,0,0,0,0,0,0,0,Eukaryota;Chordata;Mammalia;Carnivora;Phocidae;Phoca;Phoca vitulina
0,0,0,0,0,0,1,0.002275857786602846,0,0,0,0,0,0,0,0,0,0,0,0,0,0,0,0,0,0,0,0,0,0,0,0,0,0,0,0,0,0,0,0,0,0,0,0,0,0,0,0,0,0,0,0,0,0,0,0,0,0,0,0,0,0,0,0,0.003990119738025971,0,0,0,0,0,0,0,0,0,0,0,0.007017342456314423,0,0.023695208422987852,0,0.018255185053622128,0,0.04252298967488987,0.09857495157336675,0.006007481312653331,0.12811125713429503,0,Eukaryota;Chordata;Actinopteri;Lutjaniformes;Haemulidae;Brachygenys;Brachygenys californiensis
0,0.012065610176547106,0,0,0,0,0,0,0,0,0,0,0,0,0,0,0,0,0,0,0,0,0,0,0,0,0,0,0,0,0,0,0,0,0,0,0,0,0,0,0,0,0,0,0,0,0,0,0,0,0,0,0,0,0.11069749265044684,0,0,0,0,0,0,0,1,0,0,0,0,0,0,0,0,0,0,0,0,0,0,0,0,0,0,0,0,0,0,0.01610596481812784,0,Eukaryota;Chordata;Actinopteri;;Embiotocidae;Brachyistius;Brachyistius frenatus
6.439214831869558e-4,0.006740091897568575,0.015520358596262355,0.029331708776072888,0.04863221045319163,0.03047401835791039,0.07891670624629205,0.22086702764246194,0.05249940357911618,0.09603682289270819,0,0.15197027541632446,0.01047794599056083,0.1667684406108215,0.008571452086427024,0.1728568650248807,0.023078200392487765,0.015687182305018647,0.00460770120364122,0.013224157252962176,0.006054062096819338,7.971553921495146e-4,0.03544487604054269,0.09484279397396052,0.08642662340512225,0.2249070392364865,0.008789651970808282,0.09826403911016374,0.05515853812558758,0.008535214894883738,0.022161084579840853,0.038075990942445535,0.01704190134978532,0.025709670784832373,0.015339062547358026,0.08533965154782255,0.003896053061959985,0.02200022629614768,0.06103106106136286,0.020088118129251625,0.005960664350400076,0.058833776720722174,0.005893622280802089,0.0076228754997952645,0.011660957869736118,0,0.00659851494841066,0.010610678563329068,0.011281462060980454,0.03155344066425263,0.09094434360376041,0.4534719709672951,0.10557449257822554,0,0.11525813530417404,0.03469546991021264,0.2582245181644208,0.040629386428823036,0,0.05222906471716598,0,0.0011760501647616135,0.09156943854342783,0.06614338830771274,0.07763411014723517,0.2083881930469249,0.006873931544835272,0.07627364809194817,0.03650475280543469,0.00457804909974274,0.005333306015658252,0.006797069979633934,0.036189717618045986,0.13602472260779103,0.02454526042890441,0.16345370258265282,0.44512764816147415,0.5316132821444532,0.4795441057379996,0.2321142712504314,0.4143567403446248,0.9730403486964474,0.8494861657799734,0.4064116062653455,0.30021806824569175,1,0.5474665751822768,Eukaryota;Chordata;Actinopteri;Lutjaniformes;Haemulidae;Anisotremus;Anisotremus davidsonii
0,0,0.0029085419918521843,0,0,0,0,0.01572542139366257,0,0,1,0,0,0,0,0,0,0,0,0,0,0,0,0,0,0,0,0,0,0,0,0,0,0,0,0,0,0,0,0,0.005099413935941133,0,0,0.07078337343105144,0,0,0,0.04403342232291744,0,0,0,0,0,0,0,0,0,0,0,0,0,0,0,0.001516492259520292,0,0,0,0,0,0,0,0.10244378096692164,0,0,0,0,0,0,0,0,0,0,0,0,0,0,0,Eukaryota;Chordata;Actinopteri;Perciformes;Cottidae;Icelinus;Icelinus quadriseriatus
0.643343042879204,0.1456431812034083,0.05264451734459926,0.0448654913449811,0.10129151407205578,0.08796306496262941,0.06546181501125055,0.07632395086298253,1,0.7472575272543237,0.010752191642926442,0.3746538226812529,0.012742535978325314,0.033962005350647945,0.011464106435056078,0.0026566137001632776,0.006504169398112615,0.007281618147092372,0.0511163557488499,0.06445961029017086,0.02999195806572875,0.07107838258702263,0.10919890039377504,0.4433723228570199,0.20693269059586553,0.10397922584711033,0.19951037924038684,0.12260817740236175,0.3398795594722379,0.18339551850929348,0.013224375203990188,0.20789361532184586,0.12435378517086322,0.01217013934423596,0.04000212987287037,0.1275906438502357,0.030865487270495425,0.0564857645793164,0.0550653806972161,0.016781837888375464,0.023920739621196507,0.03618239385942242,0.05104554643274991,0.03801677772366069,0.5125218227598876,0.29148978245638135,0.10162920146425217,0.033479769502049415,0.15606106214254784,0.014430143942431006,0.2805058286398367,0.012240122096698234,0.0036819631879361036,0,0.03775840817837178,0.05534927073321107,0.1998038824742609,0.5081218173677386,0.6250114170114088,0.11897884222193413,0.9734108495962802,0.13476614423613562,0.11853230090454878,0.21917033609916026,0.4511922357477167,0.30068028193087215,0.14742692912717936,0.6530027709497436,0.34083022777901545,0.18759915938531072,0.40654313438647877,0.4126113400834149,0.5059352333228303,0.9097031169335931,0.5127279817644281,0.05864573577255307,0.026607377953824535,0.044203376766077586,0.016528734012913507,0.07015754378088997,0.004431250033343573,0.215738203024917,0.222231438555886,0.02234612009143528,0.026833009156449726,0.06799914857489477,0.07813737350385364,Eukaryota;Chordata;Actinopteri;;Sciaenidae;Genyonemus;Genyonemus lineatus
0,0.09614149471831228,0,0,0,0,0,0,0,0,0,0,0,0,0,0,0,0,0,0,0,0,0,0,0,0,0,0,0,0,0,0,0,0,0,0,0,0,0,0,0,0,0,0,0,0.3215715620895221,1,0,0,0,0,0,0,0,0,0,0,0,0,0,0,0,0,0,0,0,0,0,0,0,0,0,0,0,0,0,0,0,0,0,0,0,0,0,0,0,0,Eukaryota;Chordata;Actinopteri;Perciformes;Sebastidae;Sebastes;Sebastes gilli
0,0,0,0,0,0,0,0,0,0,0,0,0,0,0,0,0,0,0,0,0,0,0,0,0,0,0,0,0,0,0,0,0,0.42831961508779876,1,0.1707416879713006,0,0,0,0,0,0,0,0,0,0,0,0,0,0,0,0,0,0,0,0,0,0,0,0,0,0,0,0,0,0,0,0,0,0,0,0,0,0,0,0,0,0,0,0,0,0,0,0,0,0,0,Eukaryota;Chordata;Actinopteri;Blenniiformes;Labrisomidae;Neoclinus;Neoclinus blanchardi
0.02207220881626053,0.055406875843550536,0.035847484312717434,0.04138259901300259,0.047273509775236776,0.00511905737957363,0.013740287227231402,0.27815279984566377,0.03838034488731272,0.02560367493429337,3.0389412197153815e-4,0.4541289999160871,0,3.411908985135751e-4,0,0,0,0,0,0,0.0033112361767702087,0,0,0,0.035616202267929636,0.1477729074712925,0.05946471175318599,0.015015038149843616,0.01976743828372708,0.003726727329989025,0.005219591880044765,0.014685468984341414,0.0016765172905136867,0.0016434133112759484,0.0012715260015873139,0.038210039262633326,0.004138480520503104,0.0022516086453105563,0.0027235916759148528,8.861715607393526e-4,0.007184325384051139,4.058093596132189e-4,0,0.021745542276980733,0.04147832439656823,0.043767080981172816,0.030329231952542775,0.004455662391698933,1,0.007735006059506709,0,0.01054060868735604,9.231573791868969e-4,0,0,0,0.28995482857748395,0.024425670234757356,0,5.741286576202131e-4,0,0,0,0.006656930623192187,4.0521935231872564e-4,0,2.9858795334185593e-4,0.013364560310658368,7.062346765745123e-4,0.004743023538557549,0.006066561447005707,0.12274193155443751,0.01270003011833441,0.03771174195134096,0,0,0,0,0,0,0,0,0,0,0,0,0,Eukaryota;Chordata;Mammalia;Carnivora;Otariidae;Zalophus;Zalophus californianus
0.09712855831037649,0,0,0,0.0889168541290481,0,0,0,0,1,0,0,0,0,0,0,0,0,0,0,0,0,0,0,0,0,0,0,0,0,0,0,0,0,0,0,0,0,0,0,0,0,0,0,0,0,0,0,0,0,0,0,0,0,0,0,0,0,0,0,0,0,0,0,0,0,0,0,0,0,0,0,0,0,0,0,0,0,0,0,0,0,0,0,0,0,0,Eukaryota;Chordata;Actinopteri;Gobiiformes;Gobiidae;Lythrypnus;Lythrypnus zebra
0.01279473238674544,0,0.030153671970887416,0.04898056472219659,0.24675398590733405,0.10047968210851946,0.379151050132131,0.019878821504830488,0.18696711654086778,0.13670633204651939,0,0.9596049290059081,0.35153449500308576,0.06080686830892535,0.5235480627260191,0.09110605769782847,0.38494613131872557,0.20216270894138388,0.352029407468905,0.5246403060827813,0.07933557865193054,1,0.460792585191246,0.0968031086864448,0.4193387699094447,0.27762229568806124,0.13491285921890636,0.1954457626665747,0.13019166062686938,0.08612907684821591,0.04564153324363927,0.2330436792269641,0.1001470593659112,0.2813358459229331,0.09109119886787419,0.7912737178811048,0.1119660307302708,0.08249316905058088,0.05695412044019623,0.026802028119523293,0.10478877063725049,0.1491210245503922,0.23227446589622242,0.07010743675434229,0.6962822121610691,0.10011357745069889,0.04423625797253554,0.20547805615841067,0.005421613610352508,0.17816780194338713,0.05147399765380682,0.01139932628185004,0,0,0,0,0,0,0.10412159754365083,0,0,0,0.0060505490098673375,0.25658687412658693,0.14167124781559454,0.01861905475656127,0.017686619864468376,0.013155358720229276,0.0026798016117000095,0.44352662298204376,0.04607517138866332,0.03457482562793419,0.012541186020789187,0.08984324061586182,0.02643471943513622,0.1794483520835945,0.17394707199517864,0.1259683971645347,0.8027226840223805,0.04390096825817737,0.05785269385719698,0.19222390932617114,0.08789224751689396,0.2218507178686076,0.21113495999547044,0.018971019626227957,0.03568100724974148,Eukaryota;Chordata;Actinopteri;;Embiotocidae;Embiotoca;Embiotoca jacksoni
0.345541253220088,0.6630926927445059,0.005385885448266985,0.8156427152944747,0.11146781176036427,0,0,0,0.30227539349331484,0.04658717334385265,0,0.06073898818532616,0,0,0.003833011701469623,0.0014037300183053726,0,0.00262467806417866,0.07745226540588722,0,0.08892192752427684,0.34561072440435997,0.9448016553767182,0.0869034449744798,0.0026661839034975627,0,0.09877788737731638,0,0.001067791626518684,0,0,0.0384066627470138,0.014915962318527673,0,0,0,0.025151285906560943,0.08955503786519012,0.05198491765067785,0.006058841753149757,0.017644398167157013,0.018702578419639813,0,0.023653064006105826,0.3890818745655942,0.9861502726901661,0.011485308543674837,0.15663732300460415,0,0,0,0,0.015731477499710527,0,0,0,0,0,0,0,0,0,0,0.06862670878607552,0.06774316951395991,0,0.06579504062975565,0.004575807272821514,0.44238457232152695,0.11847786937929257,0.020442568283057565,0,0.01263783011511161,0.00204801211043411,0.03934001304673538,0,0,0,0,0,0,0,0,0,1,0,0,Eukaryota;Chordata;Actinopteri;Pleuronectiformes;Pleuronectidae;Pleuronichthys;Pleuronichthys ritteri
0,0.00538488899091247,0.0014180343010072273,0.0017275538015528598,0.0015202813413798784,0.004661823737286516,0.059236826267845086,0.01941590221801598,0.017434031043582394,0.007000180489355238,0,0.03446606788031517,0.01393297410806568,0.010091392795401511,0.0034600547487979045,0.005420565953665966,0.014792332350628911,0.03756766170313654,0.029546870459331444,0.012948737113317845,0.02500149794971878,0.10274910127174862,0.002413414813362273,0.004447809458630834,0.027961880584602545,0.001988996784753473,0,0.8796430008956778,1,0.006763245221884703,0.0012265032597504227,0.03619246123651572,0.035931447789711156,0.0017658314210336522,0.011877638474063559,0.007497772121575576,0.0022073365944200885,0.017554463174586178,0.0042899425508957515,0.0634541090701318,0.05137891019417202,0.006013142418423713,0.04452817833388076,7.326526170443375e-4,0.021281600933164106,0.01881374179097022,0.04523033013969375,0.015242136412182812,7.06048023332367e-4,0,0,0.004257067749828504,0.08786105985548087,0,0,0.00276946652922703,0.0013167230616458138,0,0,0,0,0,0.0025608481248256504,0.05589073455908422,0.019360643755466603,0.008478880280196728,0.008975031807562454,0.06140974761968891,0.005932766337915266,0.007863957411319653,0.028861421297092116,0.00921630839842833,0.004568542769358972,0.017060769646520542,0.0834236091937164,0.0011867207607599442,0.0010690477404370342,0,0.005390657271990319,0,0,0.0036139205507543562,0,0.03059616231998756,0.0015112562764089401,0,0.04543311259185319,Eukaryota;Chordata;Actinopteri;;Sciaenidae;Cheilotrema;Cheilotrema saturnum
0,0,0,0,0,0,0,0,0,0,0,0,0,0,0,0,0,0,0,0,0,0,0,0,0,0,0,0,0,0,0,0,0,0,0,0,0,0,0,0,0,0,0,0,0,0,1,0.03201542378713011,0,0,0,0,0,0,0,0,0,0,0,0,0,0,0,0,0,0,0,0,0,0,0,0,0,0,0,0,0,0,0,0,0,0,0,0,0,0,0,Eukaryota;Chordata;Actinopteri;Pleuronectiformes;Pleuronectidae;Hippoglossus;Hippoglossus stenolepis
0.002536881396748946,0.005884167218481665,0.0022646716122190764,0.02313306761607133,0.15164226398929878,0.0017853202685930596,0.001368870634850545,0.00568483037895991,0.08994741346563111,0.0011872181855395313,0.005605982067318124,6.454074109775134e-4,1,0.3961883215003844,0.4358538063077831,0.136149656821461,0.19862668826033875,0.15521074881765265,0.3122519146023021,0.18558434811462815,0.3743243995923133,0.33115303501029275,0.1644061261138411,0.163684956809186,0.02126945829092413,0.017374641306242868,0.04960770291064769,0.019441635084373323,0.054552029563143485,0.1160284194929709,0.014537872057754192,0.009353157646452032,0.01142639979754559,0.04364778162467545,0.012994111759862204,0.007281679017244225,0.1624909229023957,0.04013917923480489,0.04265720334298185,0.18459761000389496,0.05751437422822683,0.05289370490300516,0.025621321620651668,0.06386702096346564,0.017281921905106152,0.06819935400853962,0.09633058753660109,0.10045113608875184,0,0.010465815008350908,0,0,0,0,0.003461417981340903,0,0,0,0,0.007083618008725624,1.5684641199042857e-4,0,0,0.044480632737786664,0.05549728365364801,0.04269459237769395,0.020029448547196023,0.0182784537224514,0.012401003725303342,0.036395320275961644,0.053526168014605774,0.02022444945951472,0.0010332756054719575,0.00799150583017193,0.009168211624253476,0.08102203727391959,0.013203295101582253,0.003599507022726755,0.14775451863045033,0.0711279007108486,0.11828194438177426,0.04286477426624302,0.15048846704381383,0.17702818053434824,0.27252147521482184,0.014737171429085332,0.2830821017949828,Eukaryota;Chordata;Actinopteri;Gobiiformes;Gobiidae;;
0,0,0,0,0,0,0,0,0,0,0,0,0,0,0,0,0,0,0,0,0.1875873683886516,0,0,0,0,0.330872576322529,0.2265211003715241,0.014989495696525796,0,0,0,0,0,0,0,1,0,0,0,0,0,0,0,0,0,0,0,0.07887321996851,0,0,0,0,0,0,0,0,0,0,0,0,0,0,0,0,0,0,0,0,0,0,0,0,0,0,0,0,0,0,0,0,0,0,0,0,0,0,0,Eukaryota;Chordata;Actinopteri;Salmoniformes;Salmonidae;Oncorhynchus;Oncorhynchus tshawytscha
0.018931410222666735,1,0.006172192873778343,0.8509201353938732,0.7595437752015722,0.45508382088885724,0.1472167529156834,0.27608083002147277,0.2196508039915661,0.24279112867862995,0.17621415872378715,0.1516338039527585,0,0.005581801731300216,0,0,0,0,0,0,0,0.013450521866490522,0,0,0.29661930023082655,0.2816399165069344,0.48407049395838275,0.14972624478902932,0.08332697771391862,0.45609901238097,0.6109197616512101,0.3639784761407094,0.5705727331922772,0.9665180893446084,0.4312581177037552,0.1237431827677704,0,0.006055196788913033,0.01257540812962058,0.0018185086908434713,0,0,0,0,0.012335867206193736,0.0042768681361529705,0.0027871104309688203,0.10645357770342133,0,0,0,0,0,0,0,0,0,0.06657158648047627,0,0,0,0,0,0,0,0,0,0,0,0,0,0,0,0,0,0,0,0,0,0,0,0,0,0,0,0,0,Eukaryota;Chordata;Actinopteri;Scombriformes;Scombridae;Sarda;Sarda chiliensis
0.3137039981547601,0.00207624703934299,0.005584908340170439,0.09105752685222894,0.0473961322225376,0.11326403923230743,0.08188737064072152,0.0921272518232902,0.005705291892897277,0.026509532854995646,0.03453407720502389,0.08922462985545204,2.1997925244138795e-4,0,0.2910070827549541,0.10717980775399809,0,0.034270785856904705,0.00406847055499573,0.09188444889165184,0.045761892348927156,0.023076919043599004,0.13239848446058003,0.0030628362071900886,9.654530772370923e-4,0.03951456591320139,0.04598807932709465,0.12510564343248415,0.0046813298908739975,0.002895840608957267,0,0.002942916664253752,0.004150695813548075,0.11510742222078324,0.35695647547170306,0.0025083288151336626,0.017686524568026298,0.026001597656097695,0.0595132296818962,0.002233148003766032,0.006986016499524213,0.004646721743067827,0.011645660526077649,3.2388738146678554e-4,0.002790527169678843,0.018243926808787603,0.047385487489399324,0.09279905876387197,0.04447797731276527,1,0.5508131089449881,0,0.013401568952241705,0,0.09993102794361328,0,0,0,0,0,0.0964708413051948,0.002623374858777857,0,0,0.0011913425862182096,0.00326322650887478,0.013444918019301628,0,8.099599579126284e-4,0.004953953665621619,0.011011745556494578,0.001461771479698778,3.5022631106024693e-4,0.0015065208471163804,0,0,4.4109262822169865e-4,0,0.02847774189257395,0.016428165045150715,0.0019889572888568403,0,0.04439713888372275,0.0754623634070119,0.0021495023506609965,0.01483402015347535,0.029306895845715067,Eukaryota;Chordata;Actinopteri;Carangiformes;Carangidae;Trachurus;Trachurus symmetricus
0,0.011871830622216601,0,0,0.9114059934812604,0,0,0.08285106086109624,0,0,0,0,0,0.06661894118708639,0,0,0,0,0.032562536540363216,0,0,0,0,0,0.07446757365443477,0,1,0.6694771206213526,0.0016754968282709113,0,0,0,0,0,0,0,0,0,0,0.015845117293616078,0,0.011174302660641715,0.009126560082861944,0,0,0,0,0,0,0,0,0,0,0,0,0,0,0,0,0,0,0,0,0.04463576152170557,0.24978830608967015,0,0.11015438388121683,0.0561204814323033,0,0.015466162465396853,0.013760530478429712,0.3511962314736125,0.025118398959511255,0.009255121135069367,0.5021040819410395,0,0,0,0,0,0.1287058379940446,0,0,0.49793493550154155,0,0,0,Eukaryota;Chordata;Chondrichthyes;Heterodontiformes;Heterodontidae;Heterodontus;Heterodontus francisci
0.0020495961483269,0.016952214833937804,0.006708799291307875,0.025934044108807498,0.10882619288334262,0,0,0.008114098180645526,0,0,0,0,0,0.1637102642784006,0,0,0,0.00594430437449797,0.09475785692256809,0,0.17366521517644185,0,0,0,0.02638404150311896,0,0.12619904764163217,0.03686321429240818,0.16193591058248255,0.10474584554813718,0.05539722446359174,0.13385328502631777,0.07955106331287089,0.09816240043461935,0.6093799752209369,0,0.0024475857238065598,0,0,0,0,0.006384114860707448,0,0,0.004479604314522739,0,0,0.02692767343702748,0.07724565247746899,0.1502147954663182,0,0,0.09568459706432043,0,0,0,0,0.09594252263110398,0.32401173668171934,0.03320818012500776,0.029504473998541902,0.014037588146644292,0.63987227974716,0.009596561509743601,0.00629095359802567,0.0382263348133448,0.001946918967307258,0.0061618862726611,0.012692626907192977,0.016432129140168034,0.0039364322110990195,0.014978084622623743,0.02167649869819728,0.017449231684740094,0.09690794785027067,0.029007950558325796,0,0.014340001518139368,0.08033602475625738,0.19695091892765593,0.112159177596046,0.10467103739143555,0.056967729978960165,0.2665919462302744,0.05393464489122467,1,0.40264642394168837,Eukaryota;Chordata;Actinopteri;;Sciaenidae;Menticirrhus;Menticirrhus undulatus
0.013556229005661821,0.001028599374602085,0.18531873256600548,0.043476986779891244,0.06438518626929769,0.06219414672893411,0.008114119158032645,0.002486367362301949,0.037038066070194844,0.014049121393833484,0.035552282793265944,0.19442595538688806,0,0.013060999026061433,0.002411974869647702,0,0,0,0,0,0.05806879302982238,0.003738609579959486,0.0014598351815458272,0,0.023488255981273368,0.08233178471554939,0.12643667077909437,0.33969075741424104,0.11157645381245014,0.4408992045144971,1,0.6130781208882182,0.539017897502172,0.722130196851621,0.6275671344429649,0.4296407808028582,0,0.012864223636651828,0,0.0010159111859358437,0.006249159562368799,8.214726067643731e-4,0,0,0,7.862957380732112e-4,0.0015946732508823574,0,0.0012031069088315092,0.5720892135098984,0.004308316741553797,0,0,0,0,0.04074425541193213,0,0.002309688657665378,0,0.02513550394185382,0,0,0,0,2.6366087108005616e-4,0,0,0,0,0.003471868814742298,1.288908263212875e-4,0,0,0,0,0,0,0,0.006513488006925881,0.004658059137037812,0.006058176461577057,0.05805843084514565,0.0235583125692235,0,0.13211808436915023,0.001633672040808877,0,Eukaryota;Chordata;Actinopteri;Atheriniformes;Atherinopsidae;Leuresthes;Leuresthes tenuis
0.0037425135830901285,0.649096752313531,0.3150504835118728,0.0647471244433973,0,0,0,0,0.688302756205163,0.05940280120456486,0.7383616085920032,0,0.01246628205029547,0,0,0,0,0,0,0,0.005664184882707171,0,0.8896564027296409,0,0.05477985952620317,0.05670236495876832,0.7583803477390658,0.034590114041873114,0.35701513001593277,0.41427544503446484,0.11820615655453146,1,0.42980870547564626,0,0,0.014354812267636985,0,0,0.09688525307910015,0,0,0,0,0,0.012152623480039577,0,0.0076701996959092624,0,0,0,0,0,0,0,0,0,0,0,0,0,0,0,0,0,0,0,0,0,0,0,0,0,0,0,0.03532700929748899,0,0,0,0,0,0,0,0,0,0,0,0,Eukaryota;Chordata;Actinopteri;;Malacanthidae;Caulolatilus;Caulolatilus princeps
0.03832677651491222,0.006061728815870496,0.007018313225648559,0.007958287240227544,0.016913468661150458,0.007898930785050612,0.0025924482609388515,0.08280239134410464,0.014175671022407195,0.12934059615400825,1,0.04824635226372827,0.002483338568506605,0,0,0,0,8.550503416676829e-4,0,0.023081841689978195,0.00207326881074459,0,0,0,0.01104051317602028,0,0.0024232754644684363,0.00568931210841232,2.5509595971660404e-4,0,0,0,0,0,0,0.0027580949761597845,0,0.006436056184838569,0.0019462961611085051,0,0,0.013661938764922577,0.003473818278802015,0.002659166567499604,0.012028101168667713,0.002703348309688471,0.0010508346463080152,0.008665854583303292,0,0.2009994607541642,0,0,0,0,0,0.005600284942825512,0.3672843060195198,0,0,0,0,0,0,0.003482866182349579,0.05579094139917516,0.04955541829385469,0,0.007622593767926086,0.0024937122025339544,0.006065233484275875,0.0018402498187758934,0.08866973167567234,0.0018690186712064297,0.07474105769163003,0.05532613006216311,0,0.10786718186963573,0.00888555414764121,0,0,0,0,0.006137116472335622,0.11787316990684363,0,0,0.002090278186760429,Eukaryota;Chordata;Actinopteri;Pleuronectiformes;Cynoglossidae;Symphurus;Symphurus atricaudus
0.09164622377469482,0.008142505777067167,0.007074905417712798,0.0388641389823993,0.289138975018816,0.05396607201318288,0.16167706795236947,0.4853493070916039,0.2860497211184095,0.17304913688120319,0.2573156952639425,0.025857783902760986,0,0,0.0013806557178993096,0,0,0,0,0,0.06362048563518777,5.597038528617601e-4,0,0,0.027148719099856757,0.03112493647222922,0.02192210315218976,0.12179424100318408,0.046149458145143034,0.028232745647775143,0.02817861116392587,0.06986678571664555,0.15509239592098967,0.6151433671578311,0.25583566552771647,1,0.0035062105344240567,0.030349091312829913,0.0038374495287017583,0.002089137483477512,0,0.0072548997988046765,0.10310755667582454,0.032203286517369666,0.001195735468811685,0,0,0,0,0,0,0,0,0,0,0,0,0,0,0,0,0,0,0,0,0,0,0,0,0,0,0,0,0,0,0,0,0,0,0,0,4.545305710193413e-4,0,0,0,0.01050563205405263,0,Eukaryota;Chordata;Actinopteri;Scombriformes;Scombridae;Thunnus;
0.09523688576082336,0.04338115376175132,0.559879635336606,0.5010478753762727,0.23176098520999555,0,0.019000855009763968,0.06193185268657986,0.02635091075692524,0.09704532917753234,0.10705435866839672,0,0.002757750959416104,0.7909181700683754,0.02769829645686462,1,0.26396274846537565,0.15969061934197992,0.6762955528303228,0.1407468049800694,0.8928960956301905,0.43114556096657947,0.4001953377258203,0.3457308540597241,0.07348443911355874,0.7277465841417311,0.0740038969514611,0.028178477554017232,0.18592900808514792,0.11378226187031959,0.019117472914377376,0.16516511519026877,0.2299873248402205,0.006672476673798395,0.011202287433153046,0.02033971453603275,0.9365994857703658,0.14886295422598167,0.20831437990306595,0.08038522126010522,0.1640100276938724,0.1796578504801527,0.37248044186393386,0.12857889864859653,0.7336477558332571,0.07664549471910856,0.07202695380129645,0.338602647133879,0,0,0,0,0,0,0,0,0,0,0,0,0,0,0,0.034012944795526454,0.5964894791447625,0.002579856822505773,0.03866248477629521,0.053654786294774354,0.014989228175190458,0.049393302064442174,0.05658326671900736,0.038990153842576494,0.01570852669804359,0.008128310664964451,0.018953767470837626,0,0,0,0,0,0,0.02507629993441243,0.03559088807796453,0.008630868781243792,0.0128666100136066,0.04162083132067803,0,Eukaryota;Chordata;Actinopteri;;Embiotocidae;Cymatogaster;Cymatogaster aggregata
0.29550327819532196,0.16890490961924415,0.07891697180624462,0.3605965699656676,0.11252724525395948,0.07263887379477,0.23156726710244988,0.5199547125455359,0.5341799269543672,0.18066873570934167,0.04389922661087147,0.162613901051295,0.10011473996224547,0.19098695900299842,0.012891440125391502,0.04872436139108159,0.11112828666359517,0.07497195124718023,0,0.16218699259215627,0.05944918979323973,0.11651038171232696,0.020355241871138116,0.024416155471363277,0.02937295870386696,0.049127520560890675,0.17451200152126156,0.15435261094913266,0.6829394424672249,0.27370841921089767,0.18533626559734445,0.37950439640867584,0.9272792093350126,0.553198043655067,0.1530659420764881,0.05679949577776368,0.010675481140297228,0,0.02177961679915099,0,0,0.02507695778061733,0.006583335889613477,0,0.009924271329694511,0.05369867808194576,0.06129295513480218,0.40974350073913957,0.04370821850025815,0,0,0.03709020710153071,0.01697249406019564,0,0.011319102607291891,0,0.14650908938312512,0.16970632007644712,0.12226960636457508,0,0.1455759782672263,0.20647060415652338,1,0.0022538234086302935,0.030853471151423048,0,0.004043692547627478,0.01030243327271727,0.019953833105604925,0.007662935723029797,0.01707986610155762,0.006048978914932589,0.04995174222730142,0,0.026632619726841326,0.3659619425811984,0,0.02565985034857997,0.03244412968037953,0.41024585101338235,0.016663666922196518,0.056081914537095164,0.02149904548473429,0.06133288123349579,0.12293216780184181,0.008449191046660039,0,Eukaryota;Chordata;Actinopteri;Perciformes;Serranidae;Paralabrax;Paralabrax clathratus
0.14633195484718328,0.102515527842187,0.07928303751139186,0.02599927896662238,0.046045250859803794,0.001085103920969245,0.13761418687892463,0.004088246084387687,0.3579563640266644,0.021631272979499506,0,0.06260428938025037,0.01702623476540575,0.38327131317165414,0.07260254305399302,0,0,0.001873959104771534,0.02379785925647399,0.07036151149661027,0,0.048621567669244754,5.041396961349533e-4,0.04194911953722993,0.08492141261315254,0.027127246760262683,0.108561815348839,0.05462382411252271,0.18424891888648165,0.0900872826820573,0.009819057235134997,0.029202515088332052,0.036355702565729814,0.019928802658475853,1,0.05866953745206737,0.4405733018179891,0.02841557693142448,0.049824756982152205,0.008319528574961271,0.006827707298340945,0.04195535058411639,0.025431131987297437,0.5009444495150588,0.028006817783806835,0.10184383564353346,0.04752856868606622,0.009817817569948211,0,0,0,0,0,0,0.009296381206065837,0.04845646303613795,0,0.024293476657865985,0,0.011787513801914432,0,0.48731355228274686,0.011297872200808235,0.04522957284581846,0.0019287993553643709,0.08917887165094719,0.021249915173576026,6.856067385678434e-4,0.08419944484103345,0.03817650771360087,0.08230561721284145,0.04370057712335671,3.243604088468841e-4,0.20361164781219757,0.016674241050886426,0.21551976118487234,0,0.0019092059107093061,0.02293779522398384,0.013190641580917104,0.02732731121373706,0.003711967738059019,0,0,0.05776253100823761,2.102824931733555e-4,0.04581128909843095,Eukaryota;Chordata;Actinopteri;Pleuronectiformes;Paralichthyidae;Paralichthys;Paralichthys californicus
0.49029377165595345,0.08886448863129247,0,0.20431915713474486,0.1287747391498791,0.21118359287088462,0.11959851265094534,0.8571291072392767,0.2507790102127006,0.206053277616531,0.019639970043679084,0,0.004879095225237388,0,0,0,0,0,0.004274424575747047,0.002646397937428727,0,5.056388826365157e-4,0,0.005128851235905513,0.016501378481666423,0.006341682457334534,0.005035765425389678,0.004563208271001133,0.01569126647581772,7.699799120747544e-4,0.0015610709125686575,0,0.010928909372175033,0.00390477862640096,0.007741742761605982,0.08880078162807492,0.029967548144405144,0.05151989740716941,0.6293340434634257,0.002005294332899778,0,0.3620073254603101,0,0.007183756462897738,0.02877019482634445,0.11797337577043547,0.057650226328760934,0.034816157838860017,0.2763832647905704,0,0,0.015733189920689918,0,0,0.013622739208023487,0,0,0,0.0061879985160452605,0,1,0,0,0.18125980077766982,0.04517175292073284,0.3092228243954587,0.005232195027287976,0.01812433702050971,3.948296191748517e-4,0.09645807837090747,0.08572069536263245,0.07521750334186918,0.016013924768812388,0.18311181333441592,0.032059567452476526,0.15126741592629483,0.002257695017590165,0,0,0,0,0,0,0,0.00877190038629225,0,0,Eukaryota;Chordata;Actinopteri;Labriformes;Labridae;Bodianus;Bodianus pulcher
0,0.04686985751931347,0.006935715581422723,0.009820962987308514,0.031732770487399906,0.013106040990400815,0.009797301607146045,0.00887728449851403,0.012449326882369969,0.020803430774327836,0.08256075661638053,0.0055295304560411445,0,0,0,0,0,0,0,0.0013335684488212274,0,0.03424521476286269,0,0,0.002628499533958218,0.025977867750693658,0.004812069055291565,0.1563463524284602,0.05263496244551936,0.013278461680287913,0.01908036384296174,0.003935843968701083,0.019962690740371578,0.01779564195643592,0.009176820950219778,0.020047896300730207,0,0,0,0,0,0.09411336682256713,0,0.008230145975589829,0,0,0,0,0.36400433724648246,0.19677855160912988,0,0,0,0,0.031133751351264123,0.1915277676535434,0,0,0,0,0.27673619051054604,0,0,0.08800724839525471,7.127904956440967e-4,4.128320912005185e-4,0,3.4651653360131775e-4,0.07041040050759668,0,0.0013220534652706969,0,0.007962649511544852,0.15006541978406776,0.00805913253496895,0.017540597409334717,0.42423342161255617,0.0150714904610938,0.29942932930414534,0.13853442864255253,0.0778568224172432,0.151441947525591,0.0598612472270841,0.07626493863188503,0.027737309040958707,0.016225430353736567,1,Eukaryota;Chordata;Actinopteri;Centrarchiformes;Kyphosidae;Girella;Girella nigricans
1,0.024407821761421828,0.08730182906027448,0.16282300114420206,0.2287344519635953,0.006331285222583303,0.05592111796882832,0.14846262187477657,0.5894024321972947,0.336106733514459,0.02548319485091958,0.2865628250574632,0,0,0,0,0.032854186549257085,0,0,0,0.0303331927130962,0.029392161879643053,0,0.032143802576719824,0.7260595723024689,0.08045586506467464,0.15781144475570588,0.07636089752902468,0.15590749679725424,0.030970922598087477,0.08072056493149611,0.6105827872411018,0.40712456936609354,0.0763512271605062,0.027875674271968607,0.03411003436282754,0.036183166607204935,0.041585822808182224,0.05917620223321497,0.03573280766262779,0.061239272414244234,0.3295434729364122,0.016057061198382034,0.0038240189029155234,0,0.027644832218429817,0.11484774276006152,0.004909251686728996,0,0,0,0.07776792860173301,0.3146149142188166,0,0.0766734130821318,0.015487498214969834,0.15463182634070613,0.19385823454737383,0.1254058521989528,0.5245926307349871,0.5520694519358549,0,0.2085116602064747,0.051551329619797914,0.0694033356612066,0.2569381895358974,0.3455032116858985,0.2220378244196968,0.1150963153997359,0.23267535349776267,0.13048661026119743,0.07848989564988582,0.8061168724928317,0.5182415246481654,0.22262012973813827,0.0774248688269152,0,0,0.06330618817466216,0.021098842395813843,0.06909387442439685,0.008971215322384074,0.006418538578334373,0,0.17593391693861413,0.09241752314710601,0.23145645763930853,Eukaryota;Chordata;Actinopteri;;Sciaenidae;Seriphus;Seriphus politus
0.0033604312198331535,1,0.3174220256321199,0,0.011536217222659613,0,0,0,0,0.03297599657732487,0,0,0,0.004863383118265557,0,0.004658556360925118,0,0,0,0,0,0,0,0.023636462592671083,0.12047246124629131,0.003681760052291467,0.05141938649316381,0.007786012720754973,0.00790512830709787,0.008166161994543264,0.02151751343450865,0.007598584351325585,0.0042017254624220155,0.019378524091532078,0.004126562703820028,0.04951375280677667,0,0,0,0,0,0,0,0,0.002885366748894249,0,0,0,0,0,0,0,0,0,0,0,0,0,0,0,0,0,0,0.0019062487489989832,0,0.05861206090379089,0.011970322700337778,0.04101092508483077,0.007994198547158193,0,0.0014370251925542733,0.01043690966564719,0.37424406074049565,0.04975209445523819,0.0016343390149304582,0,0,0,0,0,0,0,0,0,0,0,0,Eukaryota;Chordata;Actinopteri;Carangiformes;Carangidae;Seriola;Seriola dorsalis
0.013005106601259907,0,0.003827355924694942,7.890836144086931e-4,0.012821408762841952,0,0,0.18010890394204418,0,0.05726130165315097,0,0.06330539366929275,0,0,0,0,0,0,0,0,0,0,0,0,0,0,0,0,0,0,0,1.6678941712755153e-4,0,0,0,0,0,0,0,0,0,0,0,0,0,0,0,0,0,0,0,0,0,0,0.25215190244098856,0.003445595554846311,0,0.1264773925075283,1,0.16143322560482845,0.0038877615930758194,0.030538754323432393,0,5.559046186052975e-4,4.912909140372799e-4,0.03445311945835637,0.004809564405089596,0.002062334674194143,0.004576228973412033,0.007263759810372214,0.003448125620779766,0.003620533683861357,0,0.007428222865391372,0.004835170669358863,0,0,0.17751942287427538,0,0,0,0,0,0,0,0,0,Eukaryota;Chordata;Chondrichthyes;Lamniformes;Alopiidae;Alopias;Alopias vulpinus
0,1,0,0,0,0,0,0.09652919929346171,0,0,0,0.07389802510332436,0,0,0,0,0,0,0,0,0,0,0,0,0,0,0,0,0,0,0,0,0,0.005807075869396248,0,0,0.04222783913379808,0.07642610231278932,0,0.09025793777394824,0.22008859527767388,0,0.0035510434687189775,0,0.13851249829779294,0.4562755507459141,0.15898091459662061,0,0,0,0,0,0.0019617734792028046,0,0,0,0,0,0,0,0,0,0,0.0045154929432124034,0,0.004441167497035847,0.017449303212269462,0.04638987237723145,0,0.012035425113132383,0.17017260442274285,0.0019576871751762915,0,0,0,0,0,0,0,0,0,0,0,0,0,0,0,Eukaryota;Chordata;Chondrichthyes;Rajiformes;Rajidae;Raja;Beringraja inornata
0.02215778905358229,0.01475173310086768,0.0033446582957290154,0.005561017269775307,0.06395138782137201,0.1533865286232356,0.3266134271130291,0.019969454606634626,0.047942825019443296,0.0946041837287685,0.029877016476727553,0.09689469297321505,0.08866144480811443,0.10611544363992777,0.18276153928288072,1,0.4443460110225691,0.319081977042965,0.09102453878232626,0.23059101299077975,0.19393118512660118,0.23104109562677824,0.3497297392324761,0.23060807321410967,0.019714245922306504,0.04511443983790318,0.12016721529325879,0.02843778424102191,0.0888629650670096,0.16416498708688199,0.13569226942986623,0.06281540424866164,0.46715767382914125,0.14125147762155874,0.05159029289367825,0.060245782531454024,0.019205423211709385,0.24716323140805901,0.058187899376654154,0.32499903716730555,0.22007946345517562,0.019285254760092685,0.10469501000246031,0.03052316890927867,0.22827892702554214,0.0638460896570206,0.17062670263372684,0.09311928044027891,0.44535830899599577,0.006025412971594068,0,0.33032265308179526,0.35127518929446516,0,0.021498975743855796,9.271545251200067e-4,0.10700422161221906,0.01069609787040231,0.07128091511960603,0.27093132875324977,0,0.04045031466823912,0.006531914812289347,0.007225985395405327,0.002077405137471255,0.018617460911275127,0.0191343325753699,2.9068348473676567e-4,0.014652764780982977,0.03502919580647334,0.0365884969360539,0.0637102008300083,0.0586581714472078,0.017883219051036847,0.010658835781171841,0.1906978422215395,0.09229660628139463,0.16521757903611087,0.21558283253619567,0.046771799025046586,0.16283482159227217,0.016869166126173552,0.15364039045747538,0.13593619777455088,0.29219538616882157,0.055867098377808025,0.3592553186627564,Eukaryota;Chordata;Chondrichthyes;Myliobatiformes;Myliobatidae;Myliobatis;Myliobatis californica
0.054265075215812746,0,0,0.09174413192325165,0,0,0.057426647512743415,0,0,0.051430100716378976,0.19939282935479258,0.056001977385287977,0.019206286257680658,0,0,0,0.07288659249320344,0.07384111399119288,0.09143203363265841,1,0.07553053498919948,0.060734076081599225,0,0.5609917857645755,0.9844248498473676,0.25585618836899704,0.25311472197116147,0.0306014884004788,0.12161420606588857,0.06077692766075026,0.25941980333992676,0.29990176240106303,0.08678552697576862,0.021218511464533137,0,0.02228379678157442,0.07505003716242668,0.028021181056912755,0.011604021196692377,0.08054582662571398,0.3860233778599756,0.0523421152994665,0.019317240125996515,0.24596921765752727,0.11663180122438133,0.031822017556521164,0,0.004215234466794485,0,0,0,0,0,0,0,0,0,0,0,0,0,0,0,0.09558620713825906,0.03486122539359186,0.06123911152977027,0.5260835291730191,0.007256025156825336,0.10159644792934208,0.028634716408359222,0.005453420074533116,0.009376019934168122,0.07246431899475485,0.19536844387416383,0.047286260751899574,0,0,0,0,0,0.0873315462802341,0,0.05015150690814069,0,0,0,0,Eukaryota;Chordata;Actinopteri;;Embiotocidae;Phanerodon;
0,0,0,0,0,0,0,0,0.07311312755491066,0,0,0,0,0,0,0,0,0,0,0,0,0,0,0.016011868078892783,0,0,0,0,0.010964127325390443,0.0031850567458902544,0.012556134236038336,0.002760528093970352,0,0,0,0,0,0,0,0,0,0,0,0,0,0,0,0,0,0,0,0,0,0,0,0,0,0,0,0,0,0,0,0,0,0.0032678100118597093,0.036316575184557026,0.007314355138005708,0,0,0,0.06255737051258516,0.20218739311527126,0.0036338234065724628,0,0,0.14275416609657238,0,0.03531904387964716,0.03186194340026393,0,0.007425170501267821,0,0.0074660326270056905,1,0.03365079602896109,0,Eukaryota;Chordata;Chondrichthyes;Carcharhiniformes;Triakidae;Triakis;Triakis semifasciata
0.01363198668277038,0.003017400420550697,0,0,1,0,9.463416770438743e-4,0.014469895971941558,0,0.13665651402652926,0.0079273329122525,0,0,0,0,0.017750333945716363,0,0,0,0,0.0018097906373859061,0,0.031689999776657395,0,0,0,0,0.005465300324127136,0,0.003804057639737093,0.0017138697424302616,0,0,0.039280713131106565,0,0,0.0037698827563527604,0.0444133898789182,0,0.006164407466456732,0,0,0.0027173037261778756,0,0.005376381919393185,0.0030152967464169398,0.009589859867857068,0,0,0,0,0,0,0,0,0.0027519636310285,0,0,0.06754863548090355,0,0,0.039311511213301634,0.015995028877961538,0,0.04351516935169208,0,0,0,0,0.010581807126547632,0.04624814690535622,0,0,0,0,0,0.02655728522504507,0,0.010043603571729988,0,0,0,0.08095556024659818,0,0,0,0,Eukaryota;Chordata;Mammalia;Artiodactyla;Delphinidae;Tursiops;Tursiops truncatus
0.015133545079209953,0,0,0.025206845550907856,0,0,0.14441809930327568,0,0,0.0258383967526422,0,0.011011348098678885,0,0,0,0,0,0,0,0,0.053234862190631296,0,0,0,0.06866069559919859,0.08925118669724336,0.35930861406040543,0.6050595873063683,0.28588329681116686,0.26416261396508767,1,0.13935214076509744,0.03992599901666201,0.08478885838059483,0.0355642581633787,0.11864104643100631,0,0.012762266452296032,0,0.011052114767175759,0.006740891277851658,0.010717739977407256,0.03496255333440582,0.03583080640155094,0,0.05689414757347726,0.10949950446686589,0.15943077113309956,0,0,0,0,0,0,0,0,0,0,0,0,0,0,0,0,0,0,0,0,0,0,0,0,0,0,0,0,0,0,0,0,0,0,0,0,0,0,0,Eukaryota;Chordata;Actinopteri;Scombriformes;Scombridae;Thunnus;Thunnus alalunga
0,0,0,0,0,0.004347645102103641,0,0,0,0,0,0.016884635841033776,0,0,0.036893858060504846,0,0,0,0,0,0.010895468045268216,0,0,0,0,0.02203456315062517,0.21386424370084808,0,0,0,0,0.013862825837017954,0.005775824609049198,0,0,0,0,0,0,0,0,0,0,0,0,0,0,0,0.032264768848082874,0,0,0,0,0,0,0,0,0,0,0,0,0,0,0,0,0,0,0.38924915670139837,0,0,0,0,0.007723352955082081,0.00788508608826639,0.010270235704845185,0,0.01042197760844501,0.12501539785044577,0.911460309734594,0.6896484864417377,0.12019712794798561,0.06605913895493533,0.1554767253390963,0.1353911667361215,0.7518633624998858,1,0,Eukaryota;Chordata;Actinopteri;;Sciaenidae;;
0,0.0082247425997426,0,0,0,0,0,0,0,0,0,0,0.004679821075985072,0,0,0,0,0,0,0,0,0,0,0,0,0.20474407045090787,0,0,0,0,0.0017302283197362074,0.009985479976594349,0,0,0,0.019439009625374704,0,0,0,0,0,0,0,0,0,0,0,0.03483881958772644,0,0,0,0,0,0,0,0,0,0.05007968246013579,0,0,0,0,0,0.006691485310286269,0.007203181410558704,0,0,0,0,0,0,0,0,0,0.2836862836930992,1,0,0,0,0,0,0,0,0.019933293469295475,0.012606191471805472,0,0.3235317096037032,Eukaryota;Chordata;Chondrichthyes;Pristiformes/Rhiniformes group;Rhinobatidae;Pseudobatos;Pseudobatos productus
0,0,0,0,0,0.1478586806769701,0,0,0,0,0,0,0,0,0,0,0,0,0,0,0,0,0,0,0.04091080749691476,0,0,0,0,0.008883079423864756,0,0,0,0,0,0.027228544700711035,1,0.18199468500626806,0.1131029968630075,0.11750232365291594,0.029118207640333443,0,0,0.0782812704996442,0.09810189352830515,0,0.0021873060401326173,0.3005539897121164,0,0,0,0,0,0,0,0,0,0.09913608894522047,0,0,0,0,0,0.04546765603683745,0,0,0,0,0,0,0,0,0,0,0,0,0,0,0,0,0.007143518787621093,0,0,0,0,0,0,Eukaryota;Chordata;Actinopteri;;Sphyraenidae;Sphyraena;Sphyraena argentea
0.2127166996469173,0.033754194117609174,0.2625084375698801,0.0093570544504962775,0.005212728185395879,0.01045045729018563,0.02843270516599104,0.036092123143030286,0,0.044666474830566606,0.0025165726309389434,0.10211463054880411,0,0,0,0,0,0,0,0,0,0,0.0048552864485454355,0,0.016915267128155945,0,0,0,0.0018475824951784462,0,0,0.005696093509577896,0.0012713717808611811,0,0.002193669400904559,0.001141488202244377,0,0.004561095752509223,0,0,0,0,0.01720109449832424,0.003439202704720899,0,0.007769654791773104,0,0,0.007954358335780537,0,0,0.026378139549354338,0.09034696789284,0,0.581957463846625,0.047247067279718356,0.2482553986059671,0.08498782239835513,1,0.39587718871158634,0,0.11978227381526636,0.0028850592247584104,0.0383214240772009,0.003195862223506089,0,0,0.00733662852296398,0.001720114235604699,0,0,0.01070016270984364,0,0.013850578131143633,0.005779476096034883,0.2005444784982648,0,0,0.027329088369918406,0,0,0,0,0.005135155127488524,0,0.007088186301424911,0,Eukaryota;Chordata;Actinopteri;Aulopiformes;Synodontidae;Synodus;Synodus lucioceps
0.8975472525273371,0.21579708097553982,0.15011772239649138,1,0.41290235529269215,0.02383729925203133,0.10141159360671478,0.007370737088507728,0.019984044643620563,0.0645544948896998,0.14791408357817074,0.017094852376703364,0,0,0,0,0,0,0,0,0,0.011452391280497177,0.13808284863015574,0,0.0552956759477887,0.049079573710749905,0.0018104254953732152,0.01127494849318959,0,0.009204203453528936,0.0030555638789415665,0.23512328080128947,0.013880337048546533,0,0,0.00538495275064005,0,0.0016598749819830671,0.028499869357963975,0.0037848841867119567,0,0,0,0,0.004107966397142294,0.009425115006932357,0,0.016205236606725154,0.23519858837696925,0,0.5833322091799011,0,0,0,0.5014446614786757,0.19960729344906486,0,0.0025268617037182087,0,0.10495128996649593,0.3523231992738141,0.5615041109353139,0.013332462165844477,0,0.015143735573939531,0.022152808218979247,0.020532079853989704,0.03448682169290367,0.24542561246535086,0.01753890064861967,0.019692052266596934,0.019029348335492326,0.2075177650938127,0.08118357994424685,0.007233462159531292,0,0,0,0,0,0,0,0,0,0,0,0,Eukaryota;Chordata;Actinopteri;Pleuronectiformes;Paralichthyidae;Citharichthys;Citharichthys stigmaeus
0.031415099079888056,0.04079753430497035,0.0030969087345913433,0.09586184390309517,0.09783393603987126,0.045711357674120545,1,0.05243084575701596,0.23736415194734667,0.27482336965350646,0.40681474318564864,0.0351353352169533,0,0,0,0,0,0,0,0.06522490160378223,0.024484469228882786,0.014852523853206899,0.024387745512883335,0,0,0.016329693372989017,0,0,0.020699255680119794,0.004030678971515747,0.011100443052706532,0.028397374118045788,0.05970313744235573,0.36641901685493145,0.15158054283887507,0.074419746529397,5.523720385946304e-4,0.052520202905252715,0.01199628317754449,0,0.00307355122902162,0,0.019160761681826465,0.00912634185799166,0.0051751459057057655,0,0,0.002060015986344581,0,0,0,0,0,0,0,0,0,0,0,0,0,0,0,0,0,0,0,0,0,0,0,0,0,0,0.01196537136120523,0,0,0,0,0,0,0,0,0,0,0,0,Eukaryota;Chordata;Actinopteri;Scombriformes;Scombridae;Katsuwonus;Katsuwonus pelamis
0.020655200223579667,0,0,0,0,0.15049051466135965,0,0,0,0,0,0.0121436411699523,0,0,0,0,0,0,0,0,0,0,0,0,0,0,0.017655153529127835,0.0018510534662272335,0.017346388553540423,0,0.04740537348445872,7.090003654919669e-4,0,0,0,0,0,0,0,0,0,0,0,0,0,0,0,0,0,0,0,0,0,0,0,0,0,0,0,1,0,0,0,0.004201029426421797,0,0,0,0,0,0,0,0,0,0,0,0,0,0,0,0,0,0,0,0,0,0,0,Eukaryota;Chordata;Chondrichthyes;;Platyrhinidae;Platyrhinoidis;Platyrhinoidis triseriata
0,0,0,0,0,0,0.013354322521647666,0,0,0,0,0,0,0,0,0,0,0,0,0,0,0,0,0,0.09733918068946258,0.040567835986342005,0.9968465635243303,0.8833235844914717,1,0.02982280422265129,0,0,0.005063748167433855,0,0,0.002841521692983378,0,0,0,0.04597999457093526,0.002227055634037251,0.010622780675571835,0,0,0,0,0,0,0,0,0,0,0,0,0,0,0,0,0,0,0,0,0,0,0,0,0,0,0,0,0,0,0,0,0,0,0,0,0,0,0,0,0,0,0,0,0,Eukaryota;Chordata;Actinopteri;Carangiformes;Coryphaenidae;Coryphaena;Coryphaena hippurus
0.08263095121230617,0,0,0.002190982519816383,0.0010256941393614626,0.02389798559278164,0.002124374088666787,0.02636254741404261,0,0.022590216923340237,0.11451015567090408,0,0.0036999354049082785,0,0,0,0,0.02083727140858521,0,0.005104321572743029,0.007001278183775378,6.935228988891771e-4,0.14266728974267157,0,0.012481389117668083,0.023382012833913095,0.0064135893684376935,0.020127711400347116,0.1397825560193085,0.001155095264538427,0.006839719847002305,0.03432464088256446,0.007442388421462411,0.02218570232372614,0.019315991765931503,0.012512508552509172,0,0,0,0,0,0,0.0564901828461432,0,0,0,0,0.005145803626070387,0.05683476857059435,0.06480918102376482,0,0.07018773784245466,0,0,0,0.0032231396954284317,0,1,0,0.017874954280647275,0.0222881338717191,0.0356827141205447,0,0,5.50235866275454e-4,0.0059013473060828365,0,0,0.0037230834421376393,0.0041311886313212115,0,0.003616290702114088,0.009988446802022263,0.0029703815733705076,0.11656418507131996,0.0023018673759178016,0,0.09135470281075633,0.030584356631645312,0.019533584666650217,0.00990170446114824,0.01949087575182055,0.012125358205879554,0.12289358558255989,7.647038726951742e-4,0.016155539761525423,0.03028556822140818,Eukaryota;Chordata;Actinopteri;Blenniiformes;Blenniidae;Hypsoblennius;Hypsoblennius jenkinsi
0.17275225094394422,0.32290040602666326,0.0965795732945841,0.17021335669046178,1,0.21843031475603678,0.07365138419421335,0.051615459593203676,0.2243471123465758,0.13324482120052802,0.17275000743735414,0.175799441259102,0.006012918819560634,0,0,0,0,0,0,0,0.05441987356623958,0,0,0,0.016964820291604402,0.02986094445660128,0,0,0.011323858186105052,0,0,0.010182501706037171,0.05345486860315581,0,0.09075394931382147,0.035913809636596634,0,0.010175626466389875,0.004936983991892531,0.009638041226508827,0.0019191554113199521,0,0,0,0.09371093804788959,0.01733379635592718,0.10728847217977154,0.016319856458396155,0,0,0,0,0,0,0.14743986037007503,0,0,0,0.06609191570615562,0,0,0,0,0,0,0,0.19417079668725934,0.003147640704677027,0,0,0,0.01615246638324947,0.005743857259740132,0.004691310547133579,0,0,0,0,0,0,0,0,0,0,0,0,0,Eukaryota;Chordata;Actinopteri;;Pomacentridae;Chromis;Chromis punctipinnis
0,0,0.12176090515990697,0.35529367608653634,0,0,0.020311947281834226,0,0,0,0,1,0,0,0,0,0,0,0,0,0,0,0,0,0,0,0,0,0,0,0,0,0,0,0,0,0,0,0,0,0,0,0,0,0,0,0,0,0,0,0,0,0,0,0,0,0,0,0,0,0,0,0,0,0,0,0,0,0,0,0,0,0,0,0,0,0,0,0,0,0,0,0,0,0,0,0,Eukaryota;Chordata;Chondrichthyes;Carcharhiniformes;Scyliorhinidae;Cephaloscyllium;Cephaloscyllium ventriosum
0.016218391497252318,0.03719506205669783,0.009380968851387334,0.053997405797012524,0.0024467316579778087,0.010424975338918922,0.015543208148976365,0.013312288481028068,0.16881105087601078,0.036194333175971656,0.003651043125572426,2.185583770682166e-4,0.7347535558824531,0.872949737891807,0.8002424320443112,0.5697118185666148,0.6033330729621649,0.8655090342382249,0.9659600119606085,1,0.5507611309759926,0.9590759581657876,0.8762140539817991,0.6626811673970655,0.002985562373467615,0.03904346937627599,0.004466733690061989,0.002807082206285633,0.0016752952222146885,0.003578454878695395,0.03943507952452939,0.00850694708196297,0.00518360423150809,0.006094124263515756,0.02578821944766208,0.003636861542332389,0.04117262153960696,0.11364909762939966,0.027411348707046444,0.056066326848721725,0.042806208033360126,0.11368136334189044,0.03604174035301868,0.03898487719922959,0.04961438083890913,0.1603638179565966,0.11691378461587398,0.07395436866450113,0,0,0,0,0,0,0.02390631175385299,0,0,0,0,0,0,0,0,0.3514380733794756,0.23165096334377527,0.10970230767692567,0.024266987355338495,0.04810139494632416,0.16626544758820538,0.051258232808399126,0.09129199312099141,0.23986840816638794,0.3717986593669231,0.1208010881281849,0.12203263690343726,0.05407769675550286,0.020025798553106204,0.01248813054461259,0.10799017613863807,0.0522044393104588,0.4909595133714049,0.04530785371853618,0.1045758301860511,0.035182465134504536,0.10555224618948418,0.11458080938845398,0.01765734983365606,Eukaryota;Chordata;Actinopteri;Perciformes;Serranidae;Paralabrax;Paralabrax maculatofasciatus
0,0,0,0,0,0,0,0,0,0,0,0,0,0,0,0,0,0,0.0315636998377464,0,0,0,0,1,0,0.17212095385184226,0,0,0.035921313632395487,0.18913562089851327,0.4099022120124733,0.18572917288157462,0,0,0,0,0,0,0,0,0,0,0,0,0,0,0,0,0,0,0,0,0,0,0,0,0,0,0,0,0,0,0,0,0,0,0,0,0,0,0,0,0,0,0,0,0,0.11916366415122956,0,0,0,0,0,0,0,0,0,Eukaryota;Chordata;Actinopteri;Albuliformes;Albulidae;Albula;Albula pacificus
0.27647433763005647,0.0019891818429399032,0,0.012649673410031018,0.003450439688808898,0.022348613968723608,0.0016083978244226178,0.06041423700028104,0,0,0.005487290289291592,0.051586942297129165,0,0,0.0026561486064167333,0.013240042853204416,0,0,0,0.00820871323000467,0.00549088348311677,0.09908448309324729,0.41800082055015214,0.0015758811863514678,0.29111297984845774,0.03562708295177531,0.051351269868591114,0.0034903364064297515,0.0092081895010178,0.013061329931907402,0.010121539390900524,0.029239018034922817,0.002217742000824669,0.2868857189256912,0.006833160223842403,0.04220880546617434,0,0.001889605991688638,0,0,0.0012192141706270341,0,0,0.009373812309501666,0.024090229351166174,0.013044904839915465,0.010470795850094342,0.0239940282552618,0.18915989620895313,0.6691470723828818,0,0,0,0,0.03302980193983982,0,0,0,0,0.00423134831426648,1,0,0,0.003353834793573602,0,0,0,0.039593163193175615,0.005492013324620034,0.024348637668972793,0.026906302860826636,0,0.011433523650382879,0.002914098330525638,0,0,0.00941030471100502,0.0124096422259228,0.003724376940878649,0.07055637297582731,0.02736483318070955,0,0.047830614723619436,0,0.020377975943907445,0.00956770217614104,0,Eukaryota;Chordata;Actinopteri;Blenniiformes;Blenniidae;Hypsoblennius;Hypsoblennius gentilis
0,0.005251302840662774,0,0,0.07001368073093839,0,0,0.006062463256342964,0,0,0,0,0,0,0.1610174234381044,0,0,0.09234483157984885,0.013611804591878596,0.022272393218521872,0,0.05635682978814567,0.005382641824812437,0.01386739206340205,0.0028100669472142436,0.006731646241755289,0.01237084197355381,0.018230338804196545,0.055032841157476864,0.0318757781128988,0.02154183905631897,0.005464707295150285,0.04911430941175021,0.042509240370541324,0.14972429429650091,0.04112779372833206,0,0,0,0,0,0,0,0,0,0,0,0,0,0,0,0,0,0,0,0,0,0,0,0,0,0,0,0,0.002044026791077396,0,0,0.002580820233973648,0,0,0,0,0,0,0.034148327871742185,0,0,0,0.021363571388675225,0.041903002737328374,1,0,0,0.014779665909484574,0,0.014248144145411345,0,Eukaryota;Chordata;Actinopteri;;Sciaenidae;Umbrina;Umbrina roncador
0.1607975013129163,0.17981489065761744,0.021802626170468218,0.4310373156458632,0,0.26684443686900966,0.18623238757536204,0.22175781439428624,0.09687148823653134,0.028430044564103592,0.5133310109033462,0.08655741639046458,0,0.22763733377026704,0,0,0,0,0,0,0.04734769659948941,0.016016519860795143,0,0,0.4474391443347076,0.014822294919694478,0,0,0.013107785924382423,0.02574299239971467,0,0,0.41399224068471013,0.20531340173524823,0,0.008830561601953094,0,0.41826401054443246,0,0,0.003775087133304405,0.005453952398793307,0.019666423732366472,0,0,0,0.23068802504950814,0.21880565919199177,0,0,0,0,0.13583193226509396,0,0,0.783428852736064,0.1503983466642672,0.03943176020405274,0,0,0.8468430141870403,0.35154624535483753,1,0,0.031055297154629652,0,0.07667562353253338,0.003393466017259518,0,0,0,0.0069462832333317655,0.05229173759100842,0,0,0,0,0,0,0,0,0,0,0,0,0,0,Eukaryota;Chordata;Actinopteri;Labriformes;Labridae;Halichoeres;Halichoeres californica
0.024069072095679635,0.5616676250521477,0,0.005111360364403951,0,0,0.3882893997440672,0,0,0.6846444265959551,0,0,0,0,0.07763329803899714,0,0,0,0.11923668648975008,0,0.010189604720119674,0,0,0.5439406599858274,0,0,0.04728474593453453,0.9120212351385327,0,0,0,0.01512550914094583,0.25927860407763775,0.027785443975136676,0.04636311385761919,0,0.06898270252283119,0.2557973232800924,0.036668000975536054,0.1454399494906568,0.11912241411494083,0,0,0.009393449874136898,0.03006025477454725,0.13440066518789562,0.06764182274526628,0.035868545993712836,0,0,0,0,0,0,0,0,0.27011048434030815,0.027308957684228034,0,0,0,0,1,0,0.28459580963411946,0.84281451996738,0.15677691887094244,0.27218879115759376,0.07942069751412563,0.2142530949576952,0,0.10733952805797789,0,0,0.004384835645866632,0,0,0.5739526001046349,0,0.30551190734224476,0,0,0,0,0,0,0,Eukaryota;Chordata;Actinopteri;Pleuronectiformes;Paralichthyidae;Xystreurys;Xystreurys liolepis
0,0,0,0,0,0,0,0,0,0,0.0026727299006846315,0,0,0,0,0,0,0,0,0,0.13128065088541824,0,0.3689808425896037,0,0,0,0,0.10748770769797922,0,0,0.03049698365920264,0,0,0,0,0,0.12999170988037984,0.1369916819622978,0,0.006804131851607771,0.02217041926016064,1,0,0,0.09315095566665402,0.006931490184992669,0.07903517290675222,0.028952796642448212,0,0,0,0,0,0,0,0,0,0,0,0,0,0,0,0.9705607428801541,0.4821136312822827,0.03690020290998092,0.9098212292280217,0.39816495575139393,0.004871600041604903,0.38741517177419815,0.5259281586676728,0.15958878611703284,0.0033177022264020816,0,0.04876380740709968,0,0,0,0,0,0,0,0,0,0,0,0,Eukaryota;Chordata;Actinopteri;Gobiiformes;Gobiidae;Lepidogobius;Lepidogobius lepidus
0.07832291666666666,0,0,0,0,0,0,0,0,0,0,0,0,0.12169480098845085,0,0.040495604428317164,0.013794102970529529,0,0,0.9899583286851108,0,0,0,0.05060940885831397,0,0,0.06375023906739255,0.010244978663268086,0,0.021672331610351953,0.027087761530189852,0.07686592649243175,0,0.023086098355392774,0,0,0,0.07079879089227753,0.5959591229741807,0.028403200085546382,0,0,0.059177060582717184,0,0,0,0.0052872563856458795,0.030125085728202036,0,0,0,0,0,0,0,0,0.01909513411960094,0.035007737264834554,0,0,0,0,0,0,0,0.007377649599241871,0.24220008563214268,0.050304798195006245,0,0.3333546315685294,0.15726369940927334,0,1,0,0.25896669544327633,0,0,0,0,0,0.07679021500158453,0,0,0,0.04427719209293075,0,0,Eukaryota;Chordata;Actinopteri;Pleuronectiformes;Pleuronectidae;Pleuronichthys;Pleuronichthys guttulatus
0.6299398413937531,0.6339090002804185,0.3511905261513496,0.2849852453777641,1,0.7495835096249365,0.14199639987203788,0.15289301955062776,0.19058175524751275,0.35492275778162513,0.11131243671544483,0.22638346985273236,0.2111203772103466,0.09217956034791265,0.2144799123516395,0.1360160327075142,0.0815986335149043,0.3574437827565086,0.6124334106783872,0.31178047626224437,0.49260122426755854,0.27482579254983036,0.2731250379350073,0.31823771186696326,0.031618092657453134,0.0758022064000379,0.1326129266266058,0.08364907410304583,0.03872984476962884,0.061766905317226735,0.02225758149946666,0.08631560116451537,0.1339226385525387,0.07425442029452861,0.3473786280662988,0.1046532811139722,0.27376035010385275,0.30451797424652893,0.4170871712582492,0.23383830479649792,0.26779007610577993,0.4014737326988821,0.3533498205353971,0.26738055374921904,0.4507896663017176,0.5169892949547177,0.7230306016922343,0.803460488792265,0.23746553712684462,0.24736993497635032,0.005805184358567858,0.3363506920767726,0.13127833321502996,0,0.6333050973482772,0.4879795531272941,0.3026474722916281,0.5209357049817394,0.2305797629112971,0.44138049500626475,0.7697643658111095,0.13181889455449747,0.2151450393963149,0.47869762774125996,0.4168302691753893,0.3467054624788373,0.17714055413752572,0.6977222458215434,0.46093023127754557,0.47087928122419975,0.40378795248909505,0.42447901455880627,0.32682705746756197,0.312274612916986,0.4342566179132279,0.16022582187961734,0.33819045796466707,0.017929901636473372,0.2282959401972487,0.1416406173908121,0.16647292898825758,0.06518849224667025,0.09152834619267171,0.37668379658645,0.14036946606652537,0.025040760118140555,0.07651291717878199,Eukaryota;Chordata;Actinopteri;Perciformes;Serranidae;Paralabrax;Paralabrax nebulifer
0.014484040404040405,0.003867555582233223,0.06095519149641797,0.04030356000056658,0.014838002559704149,0.02999060029834287,0.984328610244529,0,0,0,0.11065182826939168,0.024265069211764308,0,0,0,0,0,0,0.05436644927615307,0,0,0,0,0,0,0,0,0.0101574724117281,0,0,0,0.010665525983109802,0.006683512999483763,0,0,0,0,0,0,1,0,0.005653523895317076,0,0,0,0.019499971398526515,0,0.012901144596741082,0,0,0,0,0,0,0,0,0,0,0,0,0,0,0,0,0.005758210306508375,0,0,0,0,0.007668447444819492,0.06482562206568777,0,0,0.5535035754608694,0,0,0,0,0,0,0,0,0,0,0,0,0,Eukaryota;Chordata;Actinopteri;Perciformes;Sebastidae;Sebastes;
0,0.08660980471680059,0.09867989740208355,0,0.3715118725155948,0,0,0,0,0,0,0,0,0.029428900888521424,0.6001696280739185,0.06975855797958527,0,0,0,0,0,0,0,0,0.058069400640776495,0,0.06401018178054121,0,0.016214016194351283,0.0508480894504459,0,0,0,0.08795380413885842,0.9541014360774422,0.3948807000373664,0.03399603135107177,0.11173672616631442,0,0,0,0,0.08650291000623826,0,0.10590637253450515,0.02719132910731375,0.1065965865264786,0.015679500866771747,0,0.21486266484998737,0,0,0,0,1,0,0,0,0,0,0,0,0,0.02748750338428962,0,0.053868959199841554,0,0.010243035007244551,0,0.08349259566536726,0.01063337477053817,0,0.8254777011593077,0,0.06275901655333485,0,0,0,0,0,0,0,0,0.014936349161680455,0,0,0,Eukaryota;Chordata;Actinopteri;;Embiotocidae;Phanerodon;Phanerodon vacca
0,0,0,0,0,0,0,0,0,0,0,0,0,0.41304753759605994,0,0,0,0,0,0,0.25769573565815845,0.05945266790581622,0,0,0,0.04610205382237139,0.038063686752317666,0,0,0.5545189257978403,0,0.014011907133482337,0,0,0,0,0,0,0,0,0.2957814450259769,0,0,0,0,0,0,0,0,0,0,0,0,0,0,0,0,0,0,0,0,0,0,0,0,0,0,0,0,0,0,0,0,0,0,0,0,0,0,1,0,0,0,0,0,0,0,Eukaryota;Chordata;Aves;Columbiformes;Columbidae;Columba;Columba livia
0,0,0,0,0,0,0,0,0.09220910960329932,0,0,0,0,0,0,0,0,0,0,0,0,0,0,0,0,0.05992694515121275,0.012501520164313367,0,0,0,0,0,0,0,0,0.01574657430190624,0,0,0,0,0,0,0,0,0,0,0,0,0,0,0,0,0,0,0,0,0,0,0,0,0,0,0,0,0,0,0,0,0,0.002760895075939129,0,0,0,0,0,0,0,0,0,0,0,0,0,0.300849473781939,0,0,1,Eukaryota;Chordata;Aves;Charadriiformes;Laridae;Larus;
0,1,0,0.9589882970458934,0,0,0.0347617394902916,0,0,0,0,0.4583284035212703,0,0,0,0,0,0,0,0,0,0,0,0,0,0,0.09380514193395166,0,0,0,0,0,0,0,0,0,0,0,0,0,0,0,0,0.5571305466914491,0,0,0,0,0,0,0,0,0,0,0,0,0,0,0,0,0,0,0,0,0,0,0,0.12033466659114074,0,0.045846543625835,0,0.5751127992419833,0,0.008528729589344817,0,0,0,0,0.5738899538939113,0.10138613376788269,0,0.6246971461863645,0,0,0,0.13396184201937603,0,Eukaryota;Chordata;Chondrichthyes;;Squatinidae;Squatina;Squatina californica
0.1105277724389775,0,0,0,0,0,0,0,0,0,0,0.18478426774300855,0,0,0,0,0,0,0,0,0.1705063476927013,0,0,0,0,0,0,0,0,0,0,0,0.16960754283773133,0.37977399745372037,0.20774309519554296,0,0,0,0,0,0,0,1,0,0,0,0,0,0,0,0,0,0,0,0,0,0,0,0,0,0,0,0,0,0,0,0,0,0,0,0,0,0,0,0,0,0,0,0,0,0,0,0,0,0,0,0,Eukaryota;Chordata;Actinopteri;Scombriformes;Scombridae;;
0,0,0,0.025659886230788742,0,0.021154166722291538,0.1398709988899719,0,0.04570658166764752,0.017761491473913645,0.08290410714838307,0,0,0,0,0,0,0,0,0,0,0,0,0,0,0,0,0,0,0,0,0.03500788356137238,0,0.01855137961762973,0,0,0,0,0,0,0,0,0,0,0,0,0,0,0,0,0,0,0,0,1,0,0,0,0.25008672666437176,0,0,0,0,0,0,0,0,0,0,0,0,0,0,0,0,0.18632697061450762,0.09591493442838687,0.05184226121151787,0,0,0.23895754421347418,0,0,0.0016669218228347938,0.014994343160992775,0.00841470148147563,0,Eukaryota;Chordata;Actinopteri;Centrarchiformes;Kyphosidae;Kyphosus;Kyphosus azureus
0.1561398392282637,0.022936885905671597,0,0,0,0,0,0,0,0.02264166897401453,0,0,0,0,0,0,0.01437892615270525,0,4.4258766316307256e-4,0,0,0,0.09818427581022661,0,0.00439486299854839,0,0,0,0,0.0015546608149491633,0,0,0,0,0,0,0.021219559058590225,0,0,0,1,0,0,7.438292404752174e-4,0,0,7.838461332274313e-4,0,0,0,0,0,0,0,0,0,0,0.011623360766785279,0,0,0,0,0,0,0,0,0,0,0.06164994768896469,0,0,0,0,7.226220627664971e-4,0,0,0,0.042608419862206835,0,0.004752049154756229,0.6970248521725096,0.6770741332969725,0,0.0015618221447004702,0.023414912518463418,0,0,Eukaryota;Chordata;Actinopteri;Blenniiformes;Gobiesocidae;Gobiesox;Gobiesox rhessodon
0.01079562120007389,0.14724579387553183,0.054308412453272184,0.06054298055416966,0.1634499419737522,0.15592385871914582,0.3165846933136618,0.12617041023790604,0.06876879256311903,0.05960097005860065,0.13887238028147905,0.23320706854474996,0.45505762900224184,0.23288218166319696,0.29563471556800613,0.17133803766825847,0.2246022236902213,0.4036015533645096,0.08155343081613756,0.06417287834104804,0.06171021982257883,0.12391358294078114,0.06962472962596358,0.09701300154145318,1,0.9460153356110248,0.7422081432494271,0.5374136153423182,0.5932366128305405,0.5530608937423739,0.5318612045022162,0.5810400419945727,0.2644891738448256,0.38792889118350865,0.2800606900376927,0.5962581267436899,0.002067687921857456,0.07210065499233768,0.1132106771022535,0.0038407522001368995,0.08881986859884258,0.06275555096409799,0.013431324348843414,0.12387592418183753,0.031362226920709446,0.04632677529811263,0.07774790276062024,0.14883611135575606,0.29693544891653983,0.504806710766456,0.0954206233351552,0.024957816190069957,0.11113832011487984,0,0.005972103354216631,0.27282446517071846,0.021315170234975166,0.12695798523597993,0.0014391605580050596,0.021586249291492266,0.03224098376727875,0.0058222264987703035,0.035963522028997004,0.09004908918859501,0.054272073824453794,0.034638348671773275,0.019391410259320244,0.009630921419836234,0.00623881108377756,0.10329581299210266,0.038049809412079125,0.005716846544696934,0.01924602596122353,0.008404887289703601,0.010604520796971415,0.6843072043967374,0.31800716423264225,0.4059787050030623,0.32244520709088664,0.16986139180224888,0.3260670822328493,0.3610544486629959,0.3196569988879299,0.08734914909248198,0.10260872243584765,0.24959919201834854,0.36440058634903455,Eukaryota;Chordata;Actinopteri;Atheriniformes;Atherinopsidae;Atherinops;Atherinops affinis
0.4315433757962638,0.1789913785208082,1,0.42612777086386194,0.08395782931896466,0.2811039075412442,0.15909049885084547,0.29839599801192807,0.04552382569181079,0.17744589669122504,0.010233637428746016,0.4392053381773087,9.515317729751701e-4,0.11193844603301681,4.437816123381065e-4,5.515905646732876e-4,0.24989297517442732,0.0010899574883141353,0.06548224797360909,0.0034131349582943297,0.07581067447345903,0.006228354062371567,0.001366804811343319,0.02173369501906613,0.006820749939795412,0.021251792939410954,0.0041993584016107215,0.004976486515474704,0.004261408177384155,0.01699773706793776,0.009631633634682573,0.03530056362760477,0.05194211679012397,0.02366279215068308,0.009698959796105933,0.018344660859889686,0.23464654607948124,0.029700899168276076,0.11107335031277105,0.025729996276037486,0.16526590968427066,0.07401224707358409,0.048681888136010744,0.03208612984483425,0.06005845264280473,0.28366500727227645,0.0396637543175008,0.036930037108984605,0.07532670721642541,0.016633627139567467,0.16551396551846104,0.02374626886044429,0.06843356367588986,0,0.14129516996495597,0.4401550127435481,0.1523288498602267,0.002657391448088525,0.08453129021252412,0.008893253254728515,0.04089440643156196,0.04057439365663686,0.4471297115976352,0.01273229361376244,0.013256793726099224,0.03754453685692078,0.02465481286345262,0.023253117369174462,0.0257576169529714,0.15114626039353204,0.15260926080576936,0.021006563540979028,0.05339177176443777,0.13445106121353295,0.015210138610590791,0.023855001564162547,0.008894992558526509,0.5945198815400364,0.007089971158710294,0.04346211449669066,0.2181019042282458,0.20026367193280176,0.2086845268876234,0.3736000440671874,0.21529551216278192,0.6920968713820509,0.24758001470721527,Eukaryota;Chordata;Actinopteri;Labriformes;Labridae;Halichoeres;Halichoeres semicinctus
0,0.030729643067533008,0,0.21853083905223047,0,0,0,0,0,0.10579026730089593,0,0.9201721921974971,0,0,0,0,0,0,0,0,0,0,0,0,0,0.026685130881137543,0.24130618618330324,0,0.4267549158496376,0.22329924692209135,0,0,0,0.25129446008046813,0,0,0,0,0,0,0,0,0,0,0,0,0.048832261174193675,0,0,0,0,0,0,0,0,0,0,0.22453188022932583,0,0,0,0.19392152976013646,0,0,0,1,0,0,0,0,0,0,0.43593652222895574,0,0,0,0,0,0,0,0,0,0,0,0,0,0,Eukaryota;Chordata;Actinopteri;Pleuronectiformes;Pleuronectidae;Pleuronichthys;Pleuronichthys verticalis
0,0,0,0,0,0,0,0,0,0,0,0,0.13002097722282618,0,0,0,1,0,0,0.05413461140580142,0,0,0,0.018773694378755545,0,0,0,0,0,0,0,0,0,0,0,0,0,0,0.05551280189530896,0,0,0,0,0,0,0,0,0,0,0,0,0,0,0,0,0,0,0,0,0,0,0,0,0,0,0,0,0,0,0,0,0,0,0,0,0,0,0,0.0901465939380031,0,0.2622477716898277,0,0,0,0,0,0,Eukaryota;Chordata;Actinopteri;Gobiiformes;Gobiidae;Acanthogobius;Acanthogobius flavimanus
0,0,0,0,0,0,0,0,0.3090041475005869,0,0,0,0,0,0,0.005680119390796203,0,0.01351715423228496,0.07727219689566836,0,0,0,0,0.00223478632338649,0.0013186032896019113,0.022417117089536386,0,0,0.034278048600943,0,0,0,0,0.004564282710272587,0.008464701945740644,0,0.05237086980583916,0,0.0018837691705985466,8.172261066122103e-4,0,0.0074223630621649715,0.017931828762427486,0.11860641693821487,0.06458363156557143,0.08258934279006237,0.01720552519971404,0.07680027408569126,0.00596816998318042,0,0,0,0.04848736229229779,0,0,0,0,0,0,0,0,0,0,0.02378866996840905,0,0.022842840058809624,0,0,0,0,0,0,0,0,0.01231448810992,0.0018238654360691142,0,1,0.6984149847539527,0.22627337228511218,0.030052380753020767,0.8092900768570185,0.033074747123923665,0.012084147288140194,0.03898000040139854,0.626774201656742,0.5944055435044134,Eukaryota;Chordata;Actinopteri;Blenniiformes;Labrisomidae;Paraclinus;Paraclinus integripinnis
0,0,0,0.03872923977005097,0,0,0,0,0.0527895329531907,0,0,0,0.04921988836876068,0.27907507157656214,0.006111527487410096,0.1449215546627508,0.05559114210805438,0.11384845462162013,0.20790011299524216,1,0.002807547510805303,0.28229511920057526,0.9804526140424316,0.33857234820735854,0,0.007026367733987061,0.035041883548795276,0.02253835660703539,0.061575028091405755,0.016679298580290155,0.003249576493536841,0.05715483466665751,0.07941230208644133,0,0,0,0,0.1016010103228035,0.4405697190660904,0,0,0.006523177114003539,0.014490376452996936,0,0,0.013448278221860462,0.034774641211085276,0,0,0,0,0,0,0,0,0,0,0,0,0,0,0,0,0,0,0,0,0,0,0,0,0,0,0,0,0,0,0,0,0,0,0.09621660255585048,0,0,0,0,0,Eukaryota;Chordata;Actinopteri;Gobiiformes;Gobiidae;Clevelandia;Clevelandia ios
0.1973195830063894,0,0,0,0,0,0,0.03135374729974408,0.002109389979011808,0,0,0,0.04017794136815626,0.13796403125891,0.12894150968734358,0,0,0,0,0,0.021595681166617583,0,0.25518036548371487,0,0.0016955234108373143,0,0,0,0,0,0,0,0,0.030659156686694767,0.06720635756377916,0,0.337600695091307,0.010259282110367548,0.060267658797702954,0.07981293108660584,1,0.00352888531725917,0,0.0037920616458012165,0,0.05208622922139965,0.023177199333424322,0.11174449133695726,0,0,0,0.08725353507258563,0,0,0,0,0,0,0,0,0,0,0,0,0.071576266564192,0,0,0,0,0,0.01453435537072968,0,0,0,0,0,0,0,0,0,0,0,0,0,0,0,0,Eukaryota;Chordata;Actinopteri;Clupeiformes;Dussumieriidae;Etrumeus;Etrumeus teres
0.0034270959426625676,0,5.852698818396052e-4,1.919666177793176e-4,0,0.018750056657357073,0.001061291293258613,0.0015492936989248895,0.0012148422338139372,0.0036306850614150465,0,0.004003097142629865,0.013110002119004848,0.06526071485096933,0.036178016115626314,0.11918428719313871,0.0053258887970608765,4.667184023599785e-4,0.00105956343426877,0.03885877193353675,0,0,0,0.0496713961799854,0.0010945247166493182,0.03318527419505202,0.003569228871335723,0.003374819160470117,0.021543661408582333,0.014729547676067038,0.003685904588446692,0.03330145216046808,0.00942717578589797,0.018104484583444724,3.4442361570145646e-4,0.054503633974802214,0,3.0745781898732443e-4,0,0,0,0,0,0,4.8384369275388217e-4,0.00223159980890634,0,0,0,0.03851383809582843,0,0.01880025669870243,0,0,0,0,0.02643750518008046,0,0.04018261908238353,0,0,6.939553680952054e-4,0,5.924770098806088e-4,0.0013757022396225578,1.8526847674975061e-4,0.0049660184544431,0.004085438218565122,9.722580217091955e-4,4.327622090801392e-4,0.00923990118254247,0,0,0,0.025135642166083737,0.10065371432889939,0.22835202467536117,0.0628070874472364,0.11107830249102708,1,0.17212449068221658,0.21311477059712536,0.1932095190663797,0.05154691279533631,0.17624883625218252,0.08885903066775643,0.017008634524708657,Eukaryota;Chordata;Chondrichthyes;Myliobatiformes;Urolophidae;Urobatis;Urobatis halleri
0.07753457353457352,0,0,0.0222969096934782,0,0,0,1,0,0,0,0,0,0,0,0,0,0,0,0,0,0,0,0,0,0,0,0,0,0,0,0,0,0.004189850500585414,0,0,0,0,0,0,0,0,0,0,0,0,0,0,0,0,0,0,0,0,0,0,0,0,0,0,0,0,0,0,0,0,0,0,0,0,0,0,0,0,0,0.17994138043037797,0,0,0,0,0,0,0,0,0,0,0,Eukaryota;Chordata;Actinopteri;Pleuronectiformes;Paralichthyidae;Citharichthys;Citharichthys xanthostigma
0.054787079662444046,0.6020258270467483,0.06834631744786579,0.24917655782905937,0.003858086370068819,0.20824129366835026,0.0018529169722577526,0.27324398913986797,0,0.038870047833344905,0.17694567048823756,0.06009325819953987,0,0,0,0,0,0,0,0,0,0,0,0.022258258553936296,0.007018487253523812,0,0.0037114350589171267,0.17513875645495894,0.06085141987025628,0,0,0.29264946330459346,0.009441145156865668,0.016006817252709683,1,0,0,0,0,0,0,0,0,0,0,0,0,0,0.04722060098531209,0,0,0,0,0,0,0,0,0,0,0,0,0,0,0,0,0,0,0,0.004243682675251456,0,0.012773522573232549,0.00855500528684807,0.009119783134087832,0,0.02483356809138303,0,0,0.0037802550107865034,0,0,0,0,0,0,0,0,0,Eukaryota;Chordata;Actinopteri;Perciformes;Scorpaenidae;Scorpaena;Scorpaena guttata
0,0,0,0,0,0,0,1,0,0,0,0,0,0,0,0,0,0,0,0,0,0,0,0,0,0,0,0,0,0,0,0,0,0,0,0,0,0,0,0,0,0,0,0,0,0,0,0,0,0,0,0.01855487363244768,0,0,0,0.9639562593281213,0.35447226376293345,0,0,0,0,0,0,0,0,0,0,0,0,0,0,0.055962358719181884,0,0,0,0,0,0,0,0,0,0,0,0,0,0,0,Eukaryota;Chordata;Chondrichthyes;Lamniformes;Alopiidae;Carcharodon;Carcharodon carcharias
