12S_elas_LA11_1_1,12S_elas_LA11_1_2,12S_elas_LA11_1_3,12S_elas_LA11_2_1,12S_elas_LA11_2_2,12S_elas_LA11_2_3,12S_elas_LA11_3_1,12S_elas_LA11_3_2,12S_elas_LA11_3_3,12S_elas_LA11_4_1,12S_elas_LA11_4_2,12S_elas_LA14_1_1,12S_elas_LA14_1_2,12S_elas_LA14_1_3,12S_elas_LA14_2_1,12S_elas_LA14_2_2,12S_elas_LA14_2_3,12S_elas_LA14_3_1,12S_elas_LA14_3_2,12S_elas_LA14_3_3,12S_elas_LA14_4_1,12S_elas_LA14_4_2,12S_elas_LA3_1_1,12S_elas_LA3_1_2,12S_elas_LA3_1_3,12S_elas_LA3_2_1,12S_elas_LA3_2_2,12S_elas_LA3_2_3,12S_elas_LA3_3_1,12S_elas_LA3_3_2,12S_elas_LA3_3_3,12S_elas_LA3_4_1,12S_elas_LA3_4_2,12S_elas_LA6_1_1,12S_elas_LA6_1_2,12S_elas_LA6_1_3,12S_elas_LA6_2_1,12S_elas_LA6_2_2,12S_elas_LA6_2_3,12S_elas_LA6_3_1,12S_elas_LA6_3_2,12S_elas_LA6_3_3,12S_elas_LA6_4_1,12S_elas_LA6_4_2,12S_elas_LB1_0_1,12S_elas_LB1_0_2,12S_elas_LB1_0_3,12S_elas_LB1_1_1,12S_elas_LB1_1_2,12S_elas_LB1_1_3,12S_elas_LB1_2_1,12S_elas_LB1_2_2,12S_elas_LB1_2_3,12S_elas_LB1_3_1,12S_elas_LB1_3_2,12S_elas_LB1_3_3,12S_elas_LB1_4_1,12S_elas_LB1_4_2,12S_elas_LB14_1_1,12S_elas_LB14_1_2,12S_elas_LB14_1_3,12S_elas_LB14_2_1,12S_elas_LB14_2_2,12S_elas_LB14_2_3,12S_elas_LB14_3_1,12S_elas_LB14_3_2,12S_elas_LB14_3_3,12S_elas_LB14_4_1,12S_elas_LB14_4_2,12S_elas_LB2_1_1,12S_elas_LB2_1_2,12S_elas_LB2_1_3,12S_elas_LB2_2_1,12S_elas_LB2_2_2,12S_elas_LB2_2_3,12S_elas_LB2_3_1,12S_elas_LB2_3_2,12S_elas_LB2_3_3,12S_elas_LB2_4_1,12S_elas_LB2_4_2,12S_miu_LA11_1_1,12S_miu_LA11_1_2,12S_miu_LA11_1_3,12S_miu_LA11_2_1,12S_miu_LA11_2_2,12S_miu_LA11_2_3,12S_miu_LA11_3_1,12S_miu_LA11_3_2,12S_miu_LA11_3_3,12S_miu_LA11_4_1,12S_miu_LA11_4_2,12S_miu_LA11_4_3,12S_miu_LA14_1_1,12S_miu_LA14_1_2,12S_miu_LA14_1_3,12S_miu_LA14_2_1,12S_miu_LA14_2_2,12S_miu_LA14_2_3,12S_miu_LA14_3_1,12S_miu_LA14_3_2,12S_miu_LA14_3_3,12S_miu_LA14_4_1,12S_miu_LA14_4_2,12S_miu_LA14_4_3,12S_miu_LA3_1_1,12S_miu_LA3_1_2,12S_miu_LA3_1_3,12S_miu_LA3_2_1,12S_miu_LA3_2_2,12S_miu_LA3_2_3,12S_miu_LA3_3_1,12S_miu_LA3_3_2,12S_miu_LA3_3_3,12S_miu_LA3_4_1,12S_miu_LA3_4_2,12S_miu_LA3_4_3,12S_miu_LA6_1_1,12S_miu_LA6_1_2,12S_miu_LA6_1_3,12S_miu_LA6_2_1,12S_miu_LA6_2_2,12S_miu_LA6_2_3,12S_miu_LA6_3_1,12S_miu_LA6_3_2,12S_miu_LA6_3_3,12S_miu_LA6_4_1,12S_miu_LA6_4_2,12S_miu_LA6_4_3,12S_miu_LB1_0_1,12S_miu_LB1_0_2,12S_miu_LB1_0_3,12S_miu_LB1_1_1,12S_miu_LB1_1_2,12S_miu_LB1_1_3,12S_miu_LB1_2_1,12S_miu_LB1_2_2,12S_miu_LB1_2_3,12S_miu_LB1_3_1,12S_miu_LB1_3_2,12S_miu_LB1_3_3,12S_miu_LB1_4_1,12S_miu_LB1_4_2,12S_miu_LB1_4_3,12S_miu_LB14_1_1,12S_miu_LB14_1_2,12S_miu_LB14_1_3,12S_miu_LB14_2_1,12S_miu_LB14_2_2,12S_miu_LB14_2_3,12S_miu_LB14_3_1,12S_miu_LB14_3_2,12S_miu_LB14_3_3,12S_miu_LB14_4_1,12S_miu_LB14_4_2,12S_miu_LB14_4_3,12S_miu_LB2_1_1,12S_miu_LB2_1_2,12S_miu_LB2_1_3,12S_miu_LB2_2_1,12S_miu_LB2_2_2,12S_miu_LB2_2_3,12S_miu_LB2_3_1,12S_miu_LB2_3_2,12S_miu_LB2_3_3,12S_miu_LB2_4_1,12S_miu_LB2_4_2,12S_miu_LB2_4_3,sum.taxonomy
3173,12242,3733,18520,4934,3390,6535,6264,8690,5853,13675,2088,9287,6060,5628,3012,6231,4751,7937,4069,11646,10044,2468,7607,3004,3598,6216,3559,707,992,304,261,766,5609,21340,6897,12958,11330,9433,8617,6849,8884,4735,6958,1801,4095,14,13747,27087,916,6746,10963,35641,11044,14226,12738,2188,14047,7934,25034,23143,12078,24190,19761,9007,32068,37457,30790,44273,2033,33832,1160,8459,1765,11537,2004,13350,22247,22124,9333,13820,31416,8438,8374,15259,36440,23274,17588,10287,31189,27319,11553,11875,4785,4996,4760,13787,12253,27002,30506,40873,13792,14184,40893,24790,52435,23086,33597,21710,30731,35035,28235,20178,13011,5498,10329,48268,106015,32348,82888,82692,78355,93631,29953,28546,37234,37102,35744,10433,11422,3999,17135,23820,47,43718,21610,19105,34531,38766,41383,10947,39654,22028,110200,89599,69837,123581,110070,85513,117163,126380,79964,108769,116063,155789,8691,6527,9363,7049,10958,6251,17162,10222,19927,15856,8366,7770,Eukaryota;Chordata;Actinopteri;Clupeiformes;Engraulidae;Engraulis;Engraulis mordax
34,387,81,23,191,3103,2881,3249,192,259,597,52,0,0,15,0,234,200,26,1498,736,27,691,2160,496,923,1828,492,438,1573,762,307,1516,62,13,115,549,496,16,440,62,98,959,3,213,11,0,1917,2790,0,0,266,0,161,0,326,8665,0,80,1682,206,127,354,225,364,2145,610,1052,2479,178,6527,551,2430,657,808,61,0,2318,0,367,344,796,1535,3513,1794,4214,5543,1874,1188,3245,6535,2455,34,413,79,977,1154,237,82,76,1105,1320,169,171,10144,3826,1330,4802,2399,9429,8102,6713,3312,12309,34227,14609,1023,269,73,431,3326,812,158,242,38,189,278,853,989,1883,472,0,27,0,0,0,0,639,0,641,0,0,558,1862,3407,717,2611,1378,1069,850,4367,4385,4862,2981,1503,2855,2292,373,2769,501,121,1675,194,3740,1614,1365,180,Eukaryota;Chordata;Actinopteri;Scombriformes;Scombridae;Scomber;Scomber japonicus
0,0,0,0,0,0,0,0,0,0,3,0,0,0,0,0,0,0,0,14,0,0,0,0,0,0,0,0,0,0,0,0,0,0,94,0,0,20,0,0,0,0,0,0,0,0,0,0,0,0,0,0,0,0,0,0,0,0,14,562,0,9,60,8,260,295,0,9,0,0,0,0,0,0,0,0,0,0,0,0,0,0,0,0,0,0,0,0,0,0,0,0,0,0,0,0,0,0,0,0,0,0,460,0,0,0,0,0,0,0,0,0,0,0,0,0,0,6,0,11,20,1513,0,0,74,9,88,43,0,0,0,0,0,0,0,0,0,0,0,0,0,0,0,0,172,53,1654,816,0,587,1154,325,0,0,0,0,0,0,0,0,0,0,0,0,0,0,0,Eukaryota;Chordata;Actinopteri;Gobiiformes;Gobiidae;Lepidogobius;Lepidogobius lepidus
0,0,0,0,0,0,0,0,0,0,0,0,0,0,0,0,0,0,0,0,0,0,0,0,0,0,0,0,0,0,0,0,0,0,0,0,0,0,0,0,0,0,0,0,0,0,0,0,0,0,0,0,0,0,0,0,0,0,0,0,0,0,0,0,0,0,0,0,0,0,0,0,0,0,0,0,0,0,0,0,0,0,0,0,0,0,0,0,0,0,0,0,0,0,0,0,0,0,0,0,0,0,0,56,0,0,0,0,0,0,0,0,0,0,0,0,0,0,0,0,0,0,0,0,0,0,0,0,0,0,0,0,0,0,0,0,0,0,0,0,0,0,0,0,0,0,0,0,0,0,0,0,0,0,0,0,0,0,0,0,0,0,0,0,0,0,0,Eukaryota;Chordata;Actinopteri;Gobiiformes;Gobiidae;Asterropteryx;Asterropteryx semipunctata
0,0,0,169,0,0,8,0,0,0,0,0,0,0,0,0,0,0,0,0,0,0,0,0,0,0,0,0,0,0,0,0,0,0,0,0,0,0,0,0,0,0,0,0,0,0,0,0,0,0,0,0,0,0,0,0,0,0,0,0,0,0,0,0,0,0,0,0,0,0,0,0,0,0,0,0,0,0,0,0,0,3040,0,240,12,0,0,0,0,129,353,0,0,0,0,0,0,0,0,0,0,0,0,0,37,0,12,982,267,0,0,1428,0,0,7391,0,0,0,0,0,0,0,0,0,0,0,0,0,0,0,0,0,0,0,0,0,0,0,0,0,0,0,0,0,0,0,0,0,0,0,0,0,71,0,0,0,0,0,0,0,0,0,0,0,0,0,0,Eukaryota;Chordata;Actinopteri;Perciformes;Scorpaenidae;Scorpaena;Scorpaena pepo
0,0,0,0,0,0,0,709,0,0,0,0,0,0,0,0,0,0,0,0,0,0,0,0,0,0,0,0,0,0,0,0,0,0,0,0,0,0,0,0,0,0,0,0,0,0,0,6,0,0,0,559,210,0,0,0,0,0,0,0,0,0,0,0,0,0,73,0,0,0,0,0,0,0,0,0,0,0,0,0,0,0,0,0,0,0,0,0,0,0,0,0,0,0,0,0,0,0,0,0,0,0,0,0,0,0,0,0,0,0,0,0,0,0,0,0,0,0,0,0,0,0,0,0,0,0,0,0,0,0,0,0,0,0,0,0,0,0,0,0,0,0,0,0,0,0,0,0,0,0,0,0,0,0,0,0,0,0,0,0,0,0,0,0,0,0,0,Eukaryota;Chordata;Chondrichthyes;Lamniformes;Alopiidae;Carcharodon;Carcharodon carcharias
135,40,20,0,56,37,0,5,46,767,5591,0,0,0,0,0,0,0,0,2,0,0,104,0,0,57,0,0,0,0,0,0,0,0,73,7,0,0,106,5,0,0,15,0,0,788,0,0,0,0,0,26,1466,0,0,0,0,0,36,302,101,0,52,0,46,0,257,5,1198,0,470,0,0,0,0,0,22,760,0,0,60,15,20,0,38,24,20,465,0,0,0,291,11,0,0,0,0,0,0,203,21,0,0,0,0,0,14,0,0,0,0,0,0,0,0,30,0,0,0,0,0,0,23,8,49,3,6,16,0,12,0,0,0,0,0,0,64,0,0,0,0,0,0,0,276,5,0,34,21,22,26,4,21,75,832,0,86,21,0,0,0,0,0,0,0,0,0,Eukaryota;Chordata;Actinopteri;Pleuronectiformes;Rhombosoleidae;Colistium;Colistium nudipinnis
1521,5717,1437,2022,1441,2267,1026,806,1313,62,4938,411,1508,1160,17,89,29,0,70,2610,652,0,374,1013,2379,2244,718,1909,1327,587,172,151,427,349,741,436,625,105,960,3034,49,1055,407,491,0,2188,0,1260,0,6,0,0,0,49,403,6,388,0,16,32,0,145,0,36,44,39,425,20,4154,172,0,0,0,7,0,0,0,0,2,0,4339,8705,4612,1119,5291,3642,1811,4438,1729,6874,2497,473,32,1498,28,41,38,234,289,390,11618,77,552,614,12416,3718,6304,8082,8984,16939,4366,8416,16674,7552,15355,4131,1839,3675,1338,7356,359,2724,2054,1350,3467,13200,8158,16000,0,5,5592,2,0,0,0,0,53,0,25,0,4821,0,0,4717,116,21,1570,117,207,86,406,969,538,739,486,0,40,0,0,1489,0,4786,224,0,0,0,0,Eukaryota;Chordata;Actinopteri;Clupeiformes;Clupeidae;Sardinops;Sardinops melanostictus
0,0,0,0,0,0,0,0,0,0,0,0,0,0,0,0,0,0,0,0,0,0,0,0,0,0,0,0,0,0,0,0,0,0,0,0,0,0,0,0,0,0,0,0,0,0,0,0,0,0,0,0,0,0,0,0,0,0,0,0,0,0,104,0,0,0,0,0,0,0,0,0,0,0,0,0,0,0,0,0,0,0,0,0,0,0,0,0,0,0,0,0,0,0,0,0,0,0,3802,0,279,0,139,0,0,0,0,0,0,0,0,0,0,0,0,0,0,0,0,514,0,0,0,0,0,0,0,0,0,0,0,0,0,0,0,0,0,0,0,0,0,0,0,0,0,0,0,0,0,0,0,0,262,0,0,0,0,0,0,0,0,0,0,0,0,0,0,Eukaryota;Chordata;Actinopteri;Spariformes;Sparidae;Argyrops;Argyrops bleekeri
0,0,0,0,0,0,0,0,0,0,0,0,0,0,0,0,0,0,0,0,0,0,0,0,0,0,0,0,0,0,0,0,0,0,0,0,0,0,0,0,0,0,0,0,0,0,0,0,0,0,0,0,0,0,0,0,0,0,0,0,0,0,0,0,0,0,0,0,0,0,0,0,0,0,0,0,214,0,0,1078,0,0,0,0,0,0,0,0,0,0,0,0,0,0,0,0,0,0,0,0,0,0,0,0,0,0,0,0,0,0,0,0,0,0,0,0,0,0,0,0,0,0,0,0,0,0,0,0,0,0,0,0,0,0,0,0,122,0,0,0,0,0,0,0,0,0,0,0,0,0,0,0,0,0,0,0,0,0,0,0,0,0,0,0,0,0,0,Eukaryota;Chordata;Actinopteri;Lutjaniformes;Haemulidae;Pomadasys;Pomadasys stridens
0,0,0,0,0,0,0,0,145,0,0,0,0,0,0,0,0,0,0,0,0,0,0,347,35,0,0,0,0,0,0,0,0,0,0,0,0,0,0,0,0,0,0,0,0,0,0,0,0,0,0,0,0,0,0,0,0,0,0,0,0,0,0,0,15,0,0,0,0,0,0,0,0,0,0,0,0,940,0,0,0,0,0,0,0,0,0,0,0,0,0,0,0,0,0,0,0,0,0,0,0,0,0,0,0,7,0,0,0,0,0,0,0,0,0,0,0,0,0,0,0,0,0,0,0,0,0,0,0,0,0,0,0,0,0,0,0,0,0,0,0,0,0,0,0,0,0,0,0,0,0,0,0,0,0,0,0,0,0,0,0,0,0,0,0,0,0,Eukaryota;Chordata;Aves;Charadriiformes;Laridae;Larus;
0,0,0,0,0,0,7,0,0,0,0,0,0,0,0,0,0,0,0,0,0,0,0,0,34,16,0,3,0,0,0,0,0,0,0,0,0,0,0,0,2,0,0,0,0,0,0,0,0,0,0,0,0,0,0,0,0,0,0,0,0,0,0,0,0,0,31,0,0,0,0,93,4,4,14,0,0,0,201,0,0,0,0,0,0,0,0,0,0,0,0,0,0,0,0,0,0,0,0,0,0,0,0,0,0,0,0,0,0,0,0,0,0,0,0,0,0,0,0,0,0,0,0,0,0,0,0,0,0,0,0,0,0,0,0,0,0,0,0,0,0,0,0,0,0,0,0,0,0,0,0,0,0,0,0,0,0,0,0,0,0,0,0,0,2,0,0,Eukaryota;Chordata;Actinopteri;Batrachoidiformes;Batrachoididae;Porichthys;Porichthys myriaster
0,3091,943,26,0,0,0,0,1173,177,2221,29,0,0,0,0,0,0,0,0,0,2987,216,354,2233,99,1470,1758,368,4083,0,0,0,0,0,183,0,0,0,0,0,26,0,0,0,0,0,0,0,0,0,0,0,0,0,0,0,0,0,0,0,0,0,0,0,0,0,0,0,0,0,0,0,0,0,0,0,0,0,0,0,0,0,0,0,0,0,0,0,0,0,0,0,0,0,0,0,0,0,0,0,0,0,0,0,0,0,0,0,0,0,0,189,0,0,0,0,0,0,0,0,0,0,0,0,0,0,0,0,0,0,0,0,0,0,0,0,0,0,0,0,0,0,0,0,0,0,0,0,0,0,0,0,0,0,0,0,0,0,0,0,0,0,0,0,0,0,Eukaryota;Chordata;Actinopteri;NA;Malacanthidae;Malacanthus;Malacanthus brevirostris
0,0,0,0,0,0,0,0,0,0,0,3917,7141,129,2022,24,8737,472,3801,8184,7551,1949,2,0,0,0,0,0,0,0,0,0,0,806,0,0,1232,0,78,25,729,3,0,5891,0,0,0,0,0,0,0,0,3,0,0,0,0,0,126,0,0,0,0,0,0,4,0,0,2,0,0,0,0,0,0,0,0,0,0,0,0,0,0,0,0,0,0,0,58,0,0,0,10,19,78,24,20,73,3055,47,490,556,592,183,0,0,0,0,0,0,0,0,0,0,0,0,0,0,0,3,0,0,0,0,0,0,0,11,0,0,0,0,0,0,0,0,0,0,0,0,0,0,0,0,0,12,0,0,0,0,0,0,0,0,0,0,0,0,0,0,0,0,0,0,0,0,0,Eukaryota;Chordata;Actinopteri;Gobiiformes;Gobiidae;Tridentiger;Tridentiger trigonocephalus
0,0,159,4,6,17,0,88,0,128,7,0,0,0,0,0,0,0,0,0,0,15,0,0,0,0,0,0,0,24,0,0,0,0,0,0,0,0,0,0,0,0,0,0,0,0,0,0,182,0,0,0,512,0,2138,0,0,215,0,0,0,0,40,7,0,0,0,0,99,0,0,0,0,0,0,0,0,16,0,21,0,0,0,0,0,0,0,0,0,0,0,0,0,0,0,0,0,0,0,0,0,0,0,0,0,0,0,0,0,0,0,0,0,0,0,0,0,0,0,0,0,0,0,5,0,0,0,0,0,0,0,0,0,0,0,0,0,0,0,0,0,0,0,0,0,0,0,0,0,0,0,0,0,15,0,0,0,0,0,0,0,0,0,0,0,0,0,Eukaryota;Chordata;Actinopteri;Aulopiformes;Synodontidae;Synodus;Synodus intermedius
95,0,0,0,0,0,46,53,0,0,0,0,0,0,0,0,0,0,83,0,0,0,0,0,0,0,2020,0,0,0,113,0,0,0,30,0,11,759,0,0,0,0,0,0,0,0,0,0,0,0,0,0,0,0,0,0,0,0,0,0,0,0,0,0,0,0,0,0,0,0,0,0,0,0,0,0,0,0,0,0,0,0,0,0,0,0,0,0,0,0,0,0,0,0,0,0,0,0,0,0,0,0,0,0,0,0,0,0,0,0,0,0,0,0,0,0,0,0,0,0,0,0,0,0,0,0,0,0,0,0,0,0,0,0,0,0,0,0,0,0,0,0,0,0,0,0,0,0,0,0,0,0,0,0,0,0,0,0,0,0,0,0,0,0,0,0,0,Eukaryota;Chordata;Chondrichthyes;Myliobatiformes;Myliobatidae;Myliobatis;Myliobatis aquila
0,402,0,53,0,18,0,0,0,0,23,0,0,0,0,0,0,0,0,0,0,0,0,0,0,0,0,0,0,0,0,0,0,0,0,0,290,0,0,6,0,0,19,0,0,0,0,0,728,0,0,0,0,0,0,0,0,0,0,0,0,0,0,0,0,0,0,0,0,0,0,0,0,0,0,15,0,369,0,0,0,48,57,15,0,67,0,8,7,73,138,0,0,0,13,0,0,0,0,22,3054,0,34,0,0,6,0,102,325,242,0,10,70,0,0,0,0,1417,0,24,136,98,0,0,76,22,46,63,455,89,0,0,0,0,306,225,104,50,734,0,0,16,1073,0,0,0,0,0,95,0,0,56,0,0,1014,0,0,0,0,0,0,0,33,0,32,64,0,Eukaryota;Chordata;Actinopteri;Scombriformes;Stromateidae;Peprilus;Peprilus medius
0,0,0,0,311,0,0,15,0,18,0,0,0,0,0,0,0,0,0,0,0,0,0,0,12,408,14,5,0,0,52,0,0,0,0,0,0,0,0,0,0,0,227,0,0,0,0,0,0,0,0,0,0,0,0,0,0,0,0,0,0,0,0,0,0,0,0,0,0,0,0,0,0,146,0,179,0,0,0,535,0,0,0,0,0,0,0,0,0,0,0,0,0,0,0,0,0,0,0,0,0,0,0,0,0,0,0,0,0,0,0,0,0,0,0,0,0,0,0,0,0,0,0,0,0,0,0,0,0,0,0,0,0,0,0,0,0,0,0,0,0,0,0,0,0,0,0,0,0,0,0,0,0,0,0,0,0,0,0,0,0,0,0,0,0,0,0,Eukaryota;Chordata;Actinopteri;NA;Opistognathidae;Opistognathus;Opistognathus jacksoniensis
0,0,0,0,0,169,0,13,0,0,18,0,0,0,0,0,0,0,0,0,0,0,0,74,0,22,170,27,796,0,0,0,14,0,0,0,0,0,0,0,0,0,0,0,0,0,0,0,0,0,0,0,0,0,0,0,0,0,0,0,0,0,0,0,0,0,44,0,0,0,0,0,0,0,32,34,0,0,57,0,0,0,0,0,0,0,39,0,0,76,0,367,0,0,0,0,0,0,0,0,0,0,0,0,2144,108,0,18,0,648,0,0,4558,163,0,2303,0,0,167,0,0,0,0,0,0,59,0,0,0,433,0,0,0,0,0,0,0,149,0,0,0,0,0,0,0,0,0,56,0,0,0,0,0,0,0,0,0,26,0,0,0,0,1036,0,0,0,0,Eukaryota;Chordata;Actinopteri;Centrarchiformes;Kyphosidae;Medialuna;Medialuna californiensis
0,18,0,0,0,0,0,0,0,0,0,5,0,0,0,0,0,0,0,0,0,0,0,602,0,0,0,0,0,21,0,0,0,0,0,0,0,0,0,0,0,0,0,0,0,0,0,0,0,14,0,0,0,50,0,0,0,0,19,18,0,0,0,0,0,0,0,0,0,448,0,0,0,0,0,0,0,31,17,0,0,0,0,0,0,0,0,0,0,0,0,0,0,0,0,0,0,0,0,0,0,0,0,0,0,0,0,0,0,0,0,0,0,0,0,0,0,0,0,0,0,0,0,0,0,0,0,0,0,0,0,0,0,0,0,0,0,0,0,0,0,0,0,0,0,0,0,0,0,0,0,0,0,0,0,0,0,0,0,0,0,0,0,0,0,0,0,Eukaryota;Chordata;Chondrichthyes;Pristiformes/Rhiniformes group;Rhinobatidae;;
0,0,0,0,0,0,0,0,0,0,0,0,355,0,0,0,0,0,0,70,306,0,0,0,0,0,0,0,0,0,0,0,0,0,0,0,0,0,0,0,0,0,0,0,0,0,0,0,0,0,0,0,0,0,0,0,0,0,0,0,0,0,0,0,0,0,0,0,0,0,0,0,0,0,0,0,0,0,0,0,0,0,0,0,0,0,0,0,0,0,0,0,0,0,0,0,0,0,0,0,0,0,0,0,0,0,0,0,0,0,0,0,0,0,0,0,0,0,0,0,0,0,0,0,0,0,0,0,0,0,0,0,0,0,0,0,0,0,0,0,0,0,0,0,0,0,0,0,0,0,0,0,0,0,0,0,0,0,0,0,0,0,0,0,0,0,0,Eukaryota;Chordata;Chondrichthyes;Lamniformes;Alopiidae;Isurus;Isurus oxyrinchus
0,0,0,0,0,0,0,0,0,0,0,0,0,0,0,0,0,0,0,0,0,0,0,0,0,0,0,0,0,8,0,0,0,0,0,0,0,0,0,0,0,0,0,0,0,0,0,0,0,0,0,0,0,656,0,0,0,0,0,0,0,0,0,0,0,0,0,0,0,0,0,0,0,0,0,0,0,0,0,0,0,0,0,0,0,0,0,0,0,0,0,0,0,0,0,0,0,0,0,0,0,0,0,0,0,0,131,0,0,0,0,0,0,0,0,0,0,0,0,0,0,0,0,0,0,0,0,0,0,0,0,0,0,0,0,0,0,0,1226,0,0,0,0,0,0,0,0,0,0,0,0,0,0,0,0,0,0,0,0,0,0,0,0,0,0,0,0,Eukaryota;Chordata;Actinopteri;Syngnathiformes;Syngnathidae;Hippocampus;
0,0,124,351,0,0,28,0,0,0,0,0,0,0,0,0,0,0,0,0,0,0,0,0,0,0,0,0,0,0,0,0,0,0,0,0,0,0,0,0,0,0,0,0,0,0,0,0,0,0,0,0,0,0,0,0,0,0,0,0,0,0,0,0,0,0,0,0,0,0,0,0,0,0,0,0,0,0,0,0,0,0,0,0,0,0,0,0,0,0,0,0,0,0,0,0,0,0,0,0,0,0,0,0,0,0,0,0,0,0,0,0,0,0,0,0,0,0,0,0,0,0,0,0,0,0,0,0,0,0,0,0,0,0,0,0,0,0,0,0,0,0,0,0,0,0,0,0,0,0,0,0,0,0,0,0,0,0,0,0,0,0,0,0,0,0,0,Eukaryota;Chordata;Chondrichthyes;Carcharhiniformes;Scyliorhinidae;;
0,0,0,0,0,0,0,0,0,0,0,0,0,0,0,0,0,0,0,0,0,0,0,0,0,440,0,0,0,0,0,0,0,0,0,0,0,0,0,0,0,0,0,0,0,0,0,0,0,0,0,0,0,0,0,0,0,0,0,0,0,0,0,0,0,0,0,0,0,0,0,0,0,0,0,0,0,0,0,0,0,0,0,0,0,0,0,0,0,0,0,0,0,0,0,0,0,0,0,0,0,0,0,0,0,0,0,0,0,0,0,0,0,0,0,0,0,0,0,0,0,0,0,0,0,0,0,0,0,0,0,0,0,0,0,0,0,0,0,0,0,0,0,0,0,0,0,0,0,0,0,0,0,0,0,0,0,0,0,0,0,0,0,0,0,0,0,Eukaryota;Chordata;Actinopteri;NA;Opistognathidae;Opistognathus;Opistognathus evermanni
6,0,162,0,495,431,834,34,283,0,0,0,1663,0,809,11,0,64,20,92,0,214,181,106,15,523,717,33,11,22,19,46,7,5,4,381,60,25,711,25,0,14,0,3,43,8,0,1723,318,0,38,295,112,308,0,4,0,8,111,501,100,29,606,322,32,47,8,545,0,36,197,48,1998,104,1913,4809,2805,1962,1286,4816,0,112,0,297,0,0,281,2262,29,1043,0,678,85,216,40,135,137,168,0,193,31,12,201,4,1310,4915,78,1280,75,102,378,586,235,385,364,250,33,453,21,245,76,125,62,42,73,0,66,136,0,222,132,427,488,0,928,0,1897,0,0,404,0,0,0,1315,972,2711,89,970,241,62,91,122,377,4243,502,520,4005,507,396,997,1309,2618,2558,2837,1788,5335,981,Eukaryota;Chordata;Actinopteri;Lutjaniformes;Haemulidae;Pomadasys;
0,17,0,362,0,0,0,0,0,0,0,0,0,0,0,0,0,0,0,0,0,0,0,0,0,0,0,0,0,0,0,0,0,0,0,0,0,0,0,0,0,0,0,0,4,0,0,0,0,0,0,0,0,0,0,0,0,0,0,0,0,0,0,0,0,0,0,0,0,0,0,0,0,0,0,0,0,0,0,0,156,0,218,0,0,900,0,868,0,0,217,0,0,0,0,0,0,0,0,0,0,0,0,107,0,0,0,0,0,0,0,0,43,82,0,0,0,0,0,0,0,0,0,0,0,0,0,0,51,0,0,0,0,0,0,0,0,0,0,0,0,0,0,0,0,0,0,0,20,0,101,50,0,0,209,0,0,5,0,0,0,0,0,0,0,0,0,Eukaryota;Chordata;Actinopteri;Perciformes;Scorpaenidae;Scorpaena;
0,141,0,34,0,0,0,0,0,198,0,0,0,0,0,0,0,0,0,0,0,0,0,0,0,0,16,0,0,0,0,0,0,0,0,0,0,0,0,0,0,0,0,0,0,0,0,0,0,0,0,0,0,0,0,0,0,0,0,0,0,0,0,0,0,0,0,0,0,0,0,0,0,0,0,0,0,0,0,0,0,0,27,0,0,199,0,200,0,653,0,0,0,0,0,0,0,0,0,0,0,0,0,0,0,0,0,0,0,0,0,0,0,0,0,578,0,0,0,0,0,0,0,35,0,0,0,71,0,0,0,0,0,0,0,0,0,0,0,0,0,0,0,0,0,0,0,0,0,0,0,0,0,1673,0,0,0,0,0,0,0,0,0,0,0,0,0,Eukaryota;Chordata;Actinopteri;Pleuronectiformes;Paralichthyidae;Citharichthys;Citharichthys sordidus
0,0,0,0,0,0,0,0,0,0,15,0,0,0,0,0,0,0,0,0,0,0,0,0,0,23,0,0,0,0,0,0,0,0,0,0,0,0,0,0,0,0,0,0,0,0,0,0,0,0,0,0,0,0,0,0,0,0,0,0,0,0,0,0,0,0,0,0,0,0,0,0,0,0,0,193,0,0,0,0,0,0,0,0,0,0,0,0,0,0,0,0,0,0,0,0,0,0,0,0,0,0,0,0,0,0,0,0,0,0,0,0,0,0,0,0,0,0,0,0,0,0,0,0,0,0,0,0,0,0,0,0,0,0,0,0,0,0,0,0,0,0,0,0,0,0,0,0,0,0,0,0,0,0,0,0,0,0,0,0,0,0,0,0,0,0,0,Eukaryota;Chordata;Aves;Pelecaniformes;Pelecanidae;Pelecanus;Pelecanus occidentalis
0,0,0,0,0,0,0,0,0,0,0,0,0,0,0,0,0,0,0,0,0,0,0,0,0,0,0,0,0,0,0,0,0,0,0,0,0,0,0,0,0,0,0,0,0,0,0,0,0,0,0,0,0,0,0,0,0,0,0,0,21,0,0,0,0,0,13,0,167,0,0,0,0,0,0,0,0,0,0,31,0,0,0,0,0,0,0,0,0,0,0,0,0,0,0,0,0,0,0,0,0,0,0,0,0,0,0,0,0,0,0,0,0,0,0,0,0,0,0,0,0,0,0,0,0,0,0,0,0,0,0,0,0,0,0,0,0,0,0,0,0,0,0,0,0,0,0,0,0,0,0,0,0,0,0,0,0,0,0,0,0,0,0,0,0,0,0,Eukaryota;Chordata;Mammalia;Cetacea;Delphinidae;;
0,0,0,0,0,0,0,0,0,0,0,0,0,0,0,0,191,0,0,0,0,0,0,0,0,0,0,0,0,0,0,0,0,0,0,0,0,0,0,0,0,0,0,0,0,0,0,0,0,0,0,0,0,0,0,0,0,0,0,0,0,0,0,0,0,0,0,0,0,0,0,0,0,0,0,0,0,0,0,0,0,0,0,0,0,0,0,0,0,0,0,0,0,0,0,0,0,0,0,0,0,0,0,0,0,0,0,0,0,0,0,0,0,0,0,0,0,0,0,0,0,0,0,0,0,0,0,0,0,0,0,0,0,0,0,0,0,0,0,0,0,0,0,0,0,0,0,0,0,0,0,0,0,0,0,0,0,0,0,0,0,0,0,0,0,0,0,Eukaryota;Chordata;Aves;Anseriformes;Anatidae;Anas;Anas platyrhynchos
0,0,0,0,0,0,0,0,0,0,0,0,0,0,0,0,0,0,0,0,0,0,0,0,0,0,0,0,0,0,0,0,0,0,0,0,0,0,0,0,0,0,0,0,0,0,0,0,0,0,0,0,0,0,0,0,0,0,0,0,0,0,0,0,0,0,0,0,159,0,0,0,0,0,0,0,0,0,0,0,0,0,0,0,0,0,0,0,0,0,0,0,0,0,0,0,0,0,0,0,0,0,0,0,0,0,0,0,0,0,0,0,0,0,0,0,0,0,0,0,0,0,0,0,0,0,0,0,0,0,0,0,0,0,0,0,0,0,0,0,0,0,0,0,0,0,0,0,0,0,0,0,0,1248,0,0,0,0,0,0,0,0,0,0,0,0,0,Eukaryota;Chordata;Actinopteri;Lophiiformes;Thaumatichthyidae;Thaumatichthys;Thaumatichthys pagidostomus
0,0,0,0,0,0,68,0,0,0,0,0,0,0,0,0,0,0,0,0,0,0,0,0,0,75,0,0,0,0,0,0,0,0,0,0,0,0,0,0,0,0,0,0,0,0,0,0,0,0,0,0,0,0,0,0,0,0,0,0,0,0,0,0,0,0,0,0,0,0,0,0,0,0,0,0,0,0,0,0,0,64,0,0,0,0,0,0,0,2038,0,0,0,0,0,0,0,0,0,0,0,0,0,0,0,0,0,0,0,0,0,0,0,0,0,0,0,0,0,0,0,0,0,0,0,0,0,0,0,0,0,0,0,0,0,0,0,0,0,0,0,0,0,0,0,0,0,0,0,0,0,0,0,0,0,0,0,0,0,0,0,0,0,0,19,0,0,Eukaryota;Chordata;Actinopteri;Perciformes;Cottidae;Icelinus;Icelinus filamentosus
0,0,0,0,0,0,0,130,0,0,0,0,0,0,0,0,0,0,0,0,0,0,0,0,0,0,0,0,0,0,0,0,0,0,0,0,0,0,0,0,0,0,0,0,0,0,0,0,0,0,0,0,0,0,0,0,0,0,0,0,0,0,0,0,0,0,0,0,0,0,0,0,0,0,0,0,0,0,0,0,0,0,0,0,0,0,0,0,0,0,0,0,0,0,0,0,0,0,0,0,0,0,0,0,0,0,0,0,0,0,0,0,0,0,0,0,0,0,0,0,0,0,0,0,0,0,0,0,0,0,0,0,0,0,0,0,0,0,0,0,0,0,0,0,0,0,0,0,0,0,0,0,0,0,0,0,0,0,0,0,0,0,0,0,0,0,0,Eukaryota;Chordata;Actinopteri;NA;Embiotocidae;Amphistichus;Amphistichus argenteus
321,1437,571,640,751,98,303,4514,356,430,5,0,6,0,0,0,0,0,0,94,0,0,959,5133,969,430,436,69,136,350,22,43,48,46,70,28,21,190,9,0,180,483,833,490,5944,88,0,78,11,22,0,0,3931,289,0,0,0,0,224,0,0,0,431,17,152,245,3664,505,1836,0,0,0,0,0,0,0,0,0,0,0,0,0,13,14,0,15,0,0,0,4,0,0,0,0,0,0,0,0,0,0,11,0,0,0,0,17,13,0,7,23,7,16,17,0,0,4,17,3,0,0,0,0,0,7,0,0,5,2,5,0,0,0,0,0,0,0,0,0,0,7,0,0,0,0,12,0,8,0,0,0,0,0,0,0,0,0,0,0,0,0,0,0,0,0,0,0,0,Eukaryota;Chordata;Mammalia;Carnivora;Otariidae;Zalophus;Zalophus californianus
0,0,0,0,0,0,0,0,0,0,0,0,0,0,0,0,0,0,0,0,0,0,0,0,8,0,0,115,0,0,0,0,0,0,0,0,0,0,0,0,0,0,0,0,0,0,0,0,0,0,0,0,0,0,0,0,0,0,0,0,0,0,0,0,0,0,0,0,0,0,0,0,0,0,0,0,0,0,0,0,0,0,0,0,0,0,0,0,0,0,0,0,0,0,0,0,0,0,0,40,0,0,0,0,171,0,0,53,0,0,0,0,0,0,0,0,0,0,0,0,0,0,0,0,0,0,0,0,0,0,0,0,0,0,0,0,0,0,0,0,0,0,0,0,0,0,0,0,0,0,0,0,0,0,0,0,0,0,0,0,0,0,0,0,0,0,66,Eukaryota;Chordata;Actinopteri;Syngnathiformes;Syngnathidae;Syngnathus;Syngnathus leptorhynchus
0,0,0,0,0,0,0,0,0,0,0,0,0,0,0,0,0,0,0,0,0,0,0,0,0,0,0,0,0,0,0,14,0,0,0,0,0,0,0,0,0,0,0,0,0,0,0,0,0,0,0,0,0,0,0,0,0,0,0,0,0,0,0,0,0,0,0,0,0,122,0,0,0,0,0,0,0,0,0,0,144,0,0,45,0,0,0,2072,0,0,0,0,0,0,0,0,0,0,0,0,0,0,0,0,0,0,0,0,0,0,0,0,0,0,0,0,0,0,0,0,0,0,0,0,0,0,0,0,0,0,0,0,0,0,0,0,0,0,0,0,0,0,0,0,0,0,0,0,0,0,0,0,0,0,0,0,0,0,0,0,0,0,0,0,0,0,0,Eukaryota;Chordata;Actinopteri;Pleuronectiformes;Paralichthyidae;Citharichthys;Citharichthys xanthostigma
0,0,0,0,0,0,0,0,0,0,0,0,0,0,0,0,0,0,0,0,0,0,0,0,0,0,0,0,0,0,0,0,0,0,0,0,0,0,0,0,0,0,120,0,0,0,0,0,0,0,0,0,0,0,0,0,0,0,0,0,0,0,19,0,0,0,0,0,0,0,0,0,0,0,0,0,0,0,0,0,0,0,138,0,0,0,0,0,207,0,0,121,33,0,0,0,1325,0,0,0,0,0,0,0,167,0,70,64,0,129,90,441,59,0,291,0,0,0,0,0,0,2439,0,0,0,0,0,0,0,0,0,0,0,0,0,248,0,0,0,0,0,0,0,0,0,0,0,0,0,0,172,0,0,0,5,0,0,0,0,59,0,0,0,0,31,111,0,Eukaryota;Chordata;Actinopteri;;Opistognathidae;Opistognathus;
108,0,0,0,0,0,0,0,0,0,0,0,0,0,0,0,0,0,0,7,0,0,0,0,0,0,0,0,0,0,0,0,0,0,5,0,0,0,0,0,0,0,9,0,0,0,0,0,0,0,0,0,0,0,0,0,0,0,0,0,0,0,0,0,0,0,0,0,0,0,0,0,0,0,0,0,0,0,0,0,0,0,0,0,0,0,0,0,0,0,0,0,0,0,0,0,0,0,0,0,0,0,0,0,0,0,0,0,0,0,0,0,0,0,0,0,0,0,0,0,0,0,0,0,0,0,0,0,0,0,0,0,0,0,0,0,0,0,0,0,0,0,0,0,0,0,0,0,0,0,0,0,0,0,0,0,0,0,0,0,0,0,0,0,0,0,0,Eukaryota;Chordata;Actinopteri;Batrachoidiformes;Batrachoididae;Porichthys;Porichthys notatus
0,0,0,0,0,0,0,0,0,0,0,0,0,0,0,0,0,0,0,0,35,0,0,0,12,0,0,0,0,0,27,0,0,0,0,0,0,0,0,0,0,0,0,0,0,0,0,0,0,0,0,0,0,0,0,0,0,0,0,0,0,53,0,0,0,0,0,0,0,0,0,0,0,0,0,0,0,0,0,0,0,0,0,0,0,0,0,0,0,0,0,0,0,0,0,0,0,0,0,0,0,21,0,0,0,0,0,0,0,0,0,3067,0,0,0,0,0,0,0,51,0,0,0,0,0,0,0,0,0,0,0,0,0,0,0,0,0,0,0,0,0,0,0,0,0,0,0,0,0,0,0,0,0,0,0,0,0,0,0,0,0,0,0,0,0,0,0,Eukaryota;Chordata;Actinopteri;;Embiotocidae;;
0,0,0,0,0,0,0,0,0,0,0,0,0,0,0,0,0,0,0,0,0,0,0,0,0,0,0,0,0,0,98,0,15,0,0,0,0,0,0,0,0,0,0,0,0,0,0,0,0,0,0,0,0,0,0,0,0,0,0,0,0,0,0,0,0,0,0,0,0,0,0,0,0,0,0,0,0,0,0,0,0,0,0,0,0,0,0,0,0,0,0,0,0,0,0,0,0,0,0,0,0,0,0,0,0,0,0,0,0,0,0,0,0,0,0,0,0,0,0,0,0,0,0,0,0,0,0,0,0,0,0,0,0,0,0,0,0,0,0,0,0,0,0,0,0,0,0,0,0,0,0,0,0,0,0,0,0,0,0,0,0,0,0,0,0,0,0,Eukaryota;Chordata;Mammalia;Carnivora;Phocidae;Phoca;Phoca vitulina
0,0,0,0,0,0,0,0,0,0,0,0,0,0,0,0,0,0,0,0,0,0,0,0,0,0,0,0,0,0,0,0,0,0,0,0,0,0,0,0,0,0,0,0,0,0,0,0,0,0,0,0,0,0,0,0,0,0,0,0,0,0,0,0,0,0,0,0,0,0,0,0,0,0,0,0,101,0,0,0,0,0,0,0,0,0,0,0,0,0,0,0,0,0,0,0,0,0,0,0,0,0,0,0,0,0,0,0,0,0,0,0,0,0,0,0,0,0,0,0,0,0,0,0,0,0,0,0,0,0,0,0,0,0,0,0,0,0,0,0,0,0,0,0,240,0,0,0,0,0,0,0,0,0,0,0,0,0,0,0,0,0,0,0,0,0,0,Eukaryota;Chordata;Actinopteri;Gobiiformes;Gobiidae;Gymnogobius;Gymnogobius heptacanthus
0,0,0,0,0,0,0,0,0,0,0,0,0,0,0,0,0,0,0,0,0,0,0,0,0,0,0,0,0,0,0,0,0,0,0,0,0,0,0,0,0,0,0,0,0,0,0,0,148,0,0,0,0,0,0,0,0,0,0,0,0,0,0,0,0,0,0,0,0,0,0,0,0,0,0,0,0,0,0,0,0,0,0,0,0,0,0,0,0,0,0,0,0,0,0,0,0,0,0,0,0,0,0,0,0,0,0,0,0,0,0,0,0,0,0,0,0,0,0,0,0,0,0,0,0,0,0,0,0,0,0,0,0,0,0,0,0,0,0,0,0,0,0,0,0,0,0,0,0,0,0,0,0,0,0,0,0,0,0,0,0,0,0,0,0,0,0,Eukaryota;Chordata;Actinopteri;Pempheriformes;Polyprionidae;Stereolepis;Stereolepis gigas
0,0,0,0,0,0,0,0,0,0,0,0,0,0,0,0,0,0,0,0,0,0,0,0,0,0,0,0,0,0,72,0,0,0,0,0,0,0,0,0,0,0,0,0,0,0,0,0,0,0,0,0,0,0,0,0,0,0,0,0,0,0,0,0,0,0,0,0,0,0,0,0,0,0,0,0,0,0,0,0,0,0,0,0,0,0,0,0,0,0,0,0,0,0,0,0,0,0,0,0,0,0,0,0,0,0,0,0,0,0,0,0,0,0,0,0,0,0,0,0,0,0,0,0,0,0,0,0,0,0,0,0,0,0,0,0,0,0,0,0,0,0,0,0,0,0,0,0,0,0,0,0,0,0,0,0,0,0,0,0,0,0,0,0,0,0,0,Eukaryota;Chordata;Chondrichthyes;Myliobatiformes;Dasyatidae;Pteroplatytrygon;Pteroplatytrygon violacea
0,0,0,67,0,0,0,0,0,0,0,0,0,0,0,0,0,0,0,0,0,0,0,0,0,0,0,0,0,0,0,0,0,0,0,0,0,0,0,0,0,0,0,0,0,0,0,0,0,0,0,0,0,0,0,0,0,0,0,0,0,0,0,0,0,0,0,0,0,0,0,0,0,0,0,0,0,0,0,0,0,0,0,0,0,0,0,0,0,0,0,0,0,0,0,0,0,0,0,0,0,0,0,0,0,0,0,0,0,0,0,0,0,0,0,0,0,0,0,0,0,0,0,0,0,0,0,0,0,0,0,0,0,0,0,0,0,0,0,0,0,0,0,0,0,0,0,0,0,0,0,0,0,0,0,0,0,0,0,0,0,0,0,0,0,0,0,Eukaryota;Chordata;Mammalia;Cetacea;Balaenopteridae;Megaptera;Megaptera novaeangliae
520,1028,89,500,494,354,649,361,5509,1015,0,0,359,0,0,40,86,99,341,527,859,1133,418,1830,338,1601,1788,110,523,128,537,48,0,118,464,131,107,262,0,141,127,671,2824,72,656,53,0,83,343,0,0,429,2161,1786,321,215,1149,341,455,742,656,400,4306,563,1255,2954,4450,4592,4824,0,0,0,121,302,9,390,570,0,228,124,7861,1718,690,314,1085,1035,521,807,1710,8628,176,4082,114,63,59,16,46,0,684,804,262,405,277,7770,5898,1071,2307,1147,4019,3182,279,5385,2659,420,1196,1585,281,994,343,277,382,1456,735,104,3546,1160,1328,510,0,63,449,51,144,0,471,115,8,2741,5820,1588,6923,670,364,4967,8895,4475,3517,11457,5571,3901,9288,4538,13523,29540,15538,270,277,211,30,84,131,1439,1047,291,417,718,51,Eukaryota;Chordata;Actinopteri;;Sciaenidae;Genyonemus;Genyonemus lineatus
0,0,0,0,0,58,0,0,0,0,0,0,0,0,0,0,0,0,0,0,0,0,0,0,0,0,0,0,0,0,0,0,0,0,0,0,0,0,0,0,0,0,0,0,0,0,0,0,0,0,0,0,0,0,0,0,0,0,0,0,0,0,0,0,0,0,0,0,0,0,0,0,0,0,0,0,0,0,0,0,0,0,0,0,0,0,0,0,0,0,0,0,0,0,0,0,0,0,0,0,0,0,0,0,0,0,0,0,0,0,0,0,0,0,0,0,0,0,0,0,0,0,0,0,0,0,0,0,0,0,0,0,0,0,0,0,0,0,0,0,0,0,0,0,0,0,0,0,0,0,0,0,0,0,0,0,0,0,0,0,0,0,0,0,0,0,0,Eukaryota;Chordata;Aves;Charadriiformes;Laridae;Sterna;Sterna elegans
0,0,0,0,0,0,0,0,0,0,0,0,0,0,0,0,0,0,54,0,0,0,0,0,0,0,0,0,0,0,0,0,0,0,0,0,0,0,0,0,0,0,0,0,0,0,0,0,0,0,0,0,0,0,0,0,0,0,0,0,0,0,0,0,0,0,0,0,0,0,0,0,0,0,0,0,0,0,0,0,0,0,0,0,0,0,0,0,0,0,0,0,0,0,0,0,0,0,0,0,0,0,0,0,0,0,0,0,0,0,0,0,0,0,0,0,0,0,0,0,0,0,0,0,0,0,0,0,0,0,0,0,0,0,0,0,0,0,0,0,0,0,0,0,0,0,0,0,0,0,0,0,0,0,0,0,0,0,0,0,0,0,0,0,0,0,0,Eukaryota;Chordata;Actinopteri;Blenniiformes;;;
0,51,0,0,0,0,0,0,0,0,0,0,0,0,0,0,0,0,0,0,0,0,0,0,0,0,0,0,0,0,0,0,0,0,0,0,0,0,0,0,0,0,0,0,0,0,0,0,0,0,0,0,0,0,0,0,0,0,0,0,0,0,0,0,0,0,0,0,0,0,0,0,0,0,0,0,0,0,0,46,0,0,0,0,0,0,0,0,0,0,0,0,0,0,0,0,0,0,0,0,0,0,0,0,0,0,0,0,0,0,0,0,0,0,0,0,0,0,0,0,0,0,0,0,0,0,0,0,0,0,0,0,0,0,236,0,0,0,0,0,0,0,2339,0,0,0,0,0,0,0,0,0,0,0,0,0,0,0,0,0,0,0,0,0,0,0,0,Eukaryota;Chordata;Actinopteri;;Embiotocidae;Brachyistius;Brachyistius frenatus
0,0,0,0,0,0,0,0,0,0,0,0,0,0,0,0,0,0,0,0,0,0,0,0,41,0,0,0,0,0,0,0,0,0,0,0,0,0,0,0,0,0,0,0,0,0,0,0,0,0,0,0,0,0,0,0,0,0,0,0,0,0,0,0,0,0,0,0,0,0,0,0,0,8,0,0,0,0,0,0,0,0,0,0,0,0,0,0,0,0,0,0,0,0,0,0,0,0,0,0,0,0,0,0,0,0,0,0,0,0,0,0,0,0,0,0,0,0,0,0,0,0,0,0,0,0,0,0,0,0,0,0,0,0,0,0,0,0,0,0,0,0,0,0,0,0,0,0,0,0,0,0,0,0,0,0,0,0,0,0,0,0,0,0,0,0,0,Eukaryota;Chordata;Chondrichthyes;Myliobatiformes;Dasyatidae;;
0,0,0,0,0,0,0,0,0,0,0,0,0,0,0,0,0,0,0,0,0,0,0,0,0,0,0,0,0,0,0,0,0,0,0,0,0,0,0,0,0,0,0,0,0,0,0,0,0,0,0,0,0,0,0,0,0,0,0,0,0,0,48,0,0,0,0,0,0,0,0,0,0,0,0,0,0,0,0,0,0,0,0,0,0,0,0,0,0,0,0,0,0,0,0,0,0,0,0,0,0,0,0,0,0,0,0,0,0,0,0,0,0,0,0,0,0,0,0,0,0,0,0,0,0,0,0,0,0,0,0,0,0,0,0,0,0,0,0,0,0,0,0,0,0,0,0,0,0,0,0,0,0,0,0,0,0,0,0,0,0,0,0,0,0,0,0,Eukaryota;Chordata;Chondrichthyes;Carcharhiniformes;Carcharhinidae;Prionace;Prionace glauca
0,0,0,0,0,0,0,42,0,0,0,0,0,0,0,0,0,0,0,0,0,0,0,0,0,0,0,0,0,0,0,0,0,0,0,0,0,37,0,0,0,0,0,0,0,0,0,0,0,0,0,0,0,0,0,0,0,0,0,0,0,0,0,0,0,0,0,0,0,0,0,0,0,0,0,0,0,0,0,0,0,0,13,0,0,0,0,28,0,0,4514,0,0,0,0,0,0,0,0,0,0,0,0,0,0,0,0,0,0,0,0,0,0,0,0,0,0,0,0,0,0,0,0,167,0,0,0,263,0,0,0,0,0,0,0,0,0,0,0,0,0,0,0,14,0,0,0,0,0,0,0,839,0,0,0,0,0,0,0,0,0,0,0,0,0,0,0,Eukaryota;Chordata;Actinopteri;Perciformes;Cottidae;Icelinus;Icelinus burchami
0,0,0,0,0,0,0,0,0,0,0,0,0,0,0,0,0,0,0,0,0,0,0,0,0,0,0,0,0,0,0,0,0,0,40,0,0,0,0,0,0,0,0,0,0,0,0,0,0,0,0,0,0,0,0,0,0,0,0,0,0,0,0,0,0,0,0,0,0,0,0,0,0,0,0,0,0,0,0,0,0,0,0,0,0,0,0,0,0,0,0,0,0,0,0,0,0,0,0,0,0,0,0,0,0,0,0,0,0,0,0,0,0,0,0,0,0,0,0,0,0,0,0,0,0,0,0,0,0,0,0,0,0,0,0,0,0,0,0,0,0,0,0,0,0,0,0,0,0,0,0,0,0,0,2,0,0,0,0,0,0,0,0,0,0,0,0,Eukaryota;Chordata;Aves;Pelecaniformes;Phalacrocoracidae;Nannopterum;Nannopterum brasilianus
0,0,0,0,0,0,0,0,0,0,0,0,0,0,0,0,0,0,0,0,0,0,0,0,0,0,0,0,0,0,0,0,0,0,0,0,0,0,0,0,0,0,0,0,0,0,0,0,0,0,0,0,0,0,0,0,0,0,0,0,0,0,0,0,0,0,34,0,0,0,0,0,0,0,0,0,0,0,0,0,0,0,27,0,0,0,0,0,0,0,0,0,0,0,0,0,0,0,0,0,0,0,0,0,0,0,0,0,0,0,0,0,0,0,0,0,0,0,0,0,0,0,0,0,0,0,0,0,0,0,0,0,0,0,0,0,0,0,0,0,0,0,0,0,0,0,0,0,0,0,0,0,0,0,0,0,0,0,0,0,0,0,0,0,0,0,0,Eukaryota;Chordata;Actinopteri;Perciformes;Stichaeidae;;
0,0,0,0,0,0,0,0,0,0,0,0,0,0,0,0,0,0,0,0,0,0,0,0,0,0,0,0,0,0,0,0,0,0,0,0,0,0,0,0,0,0,0,0,0,0,0,0,0,0,0,0,0,0,0,0,0,0,0,0,0,24,0,0,0,0,0,0,0,0,0,0,0,0,0,0,0,0,0,0,0,0,0,0,0,0,0,0,0,0,0,0,0,0,0,0,0,0,0,0,0,0,0,0,0,0,0,0,0,0,0,0,0,0,0,0,0,0,0,0,0,0,0,0,0,0,0,0,0,0,0,0,0,0,0,0,0,0,0,0,0,0,0,0,0,0,0,0,0,0,0,0,0,0,0,0,0,0,0,0,0,0,0,0,0,0,0,Eukaryota;Chordata;Mammalia;;Bovidae;Ovis;Ovis aries
0,0,0,0,0,0,0,0,0,0,0,0,0,0,0,0,0,0,0,0,0,0,0,0,0,0,0,0,0,0,0,0,0,0,0,0,0,19,0,0,0,0,0,0,0,0,0,0,0,0,0,0,0,0,0,0,0,0,0,0,0,0,0,0,0,0,0,0,0,0,0,0,0,0,0,0,0,0,0,0,0,0,0,0,0,0,0,0,0,0,0,0,0,0,0,0,0,0,0,0,0,0,0,0,0,0,0,0,0,0,0,0,0,0,0,0,0,0,0,0,0,0,0,0,0,0,0,0,0,0,0,0,0,0,0,0,0,0,0,0,0,0,0,0,0,0,0,0,0,0,0,0,0,0,0,0,0,0,0,0,0,0,0,0,0,0,0,Eukaryota;Chordata;Aves;Passeriformes;Parulidae;Setophaga;Setophaga coronata
1245,4305,0,3232,0,0,0,0,0,5,0,0,0,0,3,0,0,421,0,707,2037,4329,0,0,26,0,0,0,0,0,87,0,0,88,710,134,24,117,27,0,0,1136,4548,30,0,0,0,0,0,0,0,0,0,0,0,0,0,0,439,503,0,442,14,2670,933,179,0,126,0,0,0,0,0,0,0,0,0,0,4008,0,15,8,22,0,444,0,0,0,703,193,0,0,0,0,7,0,0,11,0,0,0,0,0,67,18,0,383,0,6,0,0,240,0,0,0,0,8,18,0,12,0,77,0,51,0,158,17,41,0,0,0,0,47,0,0,0,0,0,0,0,0,0,0,140,0,0,0,23,0,19,28,0,0,25,0,0,0,0,0,0,0,0,0,0,0,0,0,Eukaryota;Chordata;Actinopteri;Pleuronectiformes;Pleuronectidae;Pleuronichthys;
0,0,0,0,0,0,0,0,0,0,0,0,0,0,0,0,0,0,0,0,0,0,0,0,14,0,0,0,0,0,0,0,0,0,0,0,0,0,0,0,0,0,0,0,0,0,0,0,0,0,0,0,0,0,0,0,0,0,0,0,0,0,0,0,0,0,0,0,0,0,0,0,0,0,0,0,0,0,0,0,0,0,0,0,0,0,0,0,0,0,0,0,0,0,0,0,0,0,0,0,0,0,0,0,0,0,0,0,0,0,0,0,0,0,0,0,0,0,0,0,0,0,0,0,0,0,0,0,0,0,0,0,0,0,0,0,0,0,0,0,0,0,0,0,0,0,0,0,0,0,0,0,0,0,0,0,0,0,0,0,0,0,0,0,0,0,0,Eukaryota;Chordata;Actinopteri;Perciformes;Sebastidae;Sebastes;Sebastes paucispinis
0,0,0,0,0,0,0,0,0,0,0,0,0,0,0,0,0,0,0,0,0,0,13,0,0,0,0,0,0,0,0,0,0,0,0,0,0,0,0,0,0,0,0,0,0,0,0,0,0,0,0,0,0,0,0,0,0,0,0,0,0,0,0,0,0,0,0,0,0,0,0,0,0,0,0,0,0,0,0,0,0,0,0,0,0,0,0,0,0,0,0,0,0,0,0,0,0,0,0,0,0,0,0,0,0,0,0,0,0,0,0,0,0,2395,0,0,0,0,0,0,0,0,0,0,0,0,0,0,0,0,0,0,0,0,0,0,0,0,0,0,0,0,0,0,0,0,0,0,0,0,0,0,0,0,0,0,0,0,0,0,0,0,0,0,0,0,0,Eukaryota;Chordata;Actinopteri;Carangiformes;Carangidae;Decapterus;
0,12,0,0,0,0,0,0,0,0,0,0,0,0,0,0,0,0,0,0,0,0,0,0,0,0,0,0,0,0,0,0,0,0,0,0,0,0,0,0,0,0,0,0,0,0,0,0,0,0,0,0,0,0,0,0,0,0,0,0,0,0,0,0,0,0,0,0,0,0,0,0,0,0,0,0,0,0,0,0,0,0,0,0,0,0,0,0,0,0,0,0,0,0,0,0,0,0,0,0,0,0,0,0,0,0,0,0,0,0,0,0,0,0,0,0,0,0,0,0,0,0,0,0,0,0,0,0,0,0,0,0,0,0,0,0,0,0,0,0,0,0,0,0,0,0,0,0,0,0,0,0,0,0,0,0,0,0,0,0,0,0,0,0,0,0,0,Eukaryota;Chordata;Actinopteri;Anguilliformes;Ophichthidae;Myrophis;Myrophis vafer
0,0,0,0,0,0,0,0,0,0,0,0,0,0,11,0,0,0,0,0,0,0,0,0,0,0,0,0,0,0,0,0,0,0,0,0,0,0,0,0,0,0,0,0,0,0,0,0,0,0,0,0,0,0,0,0,0,0,0,0,0,0,0,0,0,0,0,0,0,0,0,0,0,0,0,0,0,0,0,0,0,0,0,0,0,0,0,0,0,0,0,0,0,0,0,0,0,58,0,0,0,0,0,0,0,0,0,0,0,0,0,0,0,0,0,0,0,32,0,0,0,0,0,0,0,0,0,0,0,0,0,0,0,0,0,0,0,0,0,0,0,0,0,0,0,0,0,0,0,0,0,0,0,0,0,0,0,0,0,0,0,0,0,0,0,0,0,Eukaryota;Chordata;Actinopteri;Gobiiformes;Gobiidae;Gillichthys;Gillichthys mirabilis
0,0,0,0,0,0,0,0,0,0,0,0,0,0,0,0,0,0,0,0,0,0,0,0,0,0,0,11,0,0,0,0,0,0,0,0,0,0,0,0,0,0,0,0,0,0,0,0,0,0,0,0,0,0,0,0,0,0,0,0,0,0,0,0,0,0,0,0,0,0,0,0,0,0,0,0,0,0,0,0,0,0,0,0,0,0,0,0,0,0,0,0,0,0,0,0,0,0,0,0,0,0,0,0,0,0,0,0,0,0,0,0,0,0,0,0,0,0,0,0,0,0,0,0,0,0,0,0,0,0,0,0,0,0,0,0,0,0,0,0,0,0,0,0,0,0,0,0,0,0,0,0,0,0,0,0,0,0,0,0,0,0,0,0,0,0,0,Eukaryota;Chordata;Aves;Pelecaniformes;Ardeidae;Nycticorax;Nycticorax nycticorax
0,0,0,0,0,0,0,0,0,0,0,0,0,0,0,0,0,0,0,0,0,0,0,0,0,0,0,0,0,0,0,11,0,0,0,0,0,0,0,0,0,0,0,0,0,0,0,0,0,0,0,0,0,0,0,0,0,0,0,0,0,0,0,0,0,0,0,0,0,0,0,0,0,0,0,0,0,0,0,0,0,0,0,0,0,0,0,0,0,0,0,0,0,0,0,0,0,0,0,0,0,0,0,0,0,0,0,0,0,0,0,0,0,0,0,0,0,0,0,0,0,0,0,0,0,0,0,0,0,0,0,0,0,0,0,0,0,0,0,0,0,0,0,0,0,0,0,0,0,0,0,0,0,0,0,0,0,0,0,0,0,0,0,0,0,0,0,Eukaryota;Chordata;Chondrichthyes;Myliobatiformes;Dasyatidae;Himantura;Himantura microphthalma
0,0,0,0,0,0,0,0,0,0,0,0,0,0,0,0,0,0,0,0,0,0,0,0,0,0,0,10,0,0,0,0,0,0,0,0,0,0,0,0,0,0,0,0,0,0,0,0,0,0,0,0,0,0,0,0,0,0,0,0,0,0,0,0,0,0,0,0,0,0,0,0,0,0,0,0,0,0,0,0,0,0,0,0,0,0,0,0,0,0,0,0,0,0,0,0,0,0,0,0,0,0,0,0,0,0,0,0,0,0,0,0,0,0,0,0,0,0,0,0,0,0,0,0,0,0,0,0,0,0,0,0,0,0,0,0,0,0,0,0,0,0,0,0,0,0,0,0,0,0,0,0,0,0,0,0,0,0,0,0,0,0,0,0,0,0,0,Eukaryota;Chordata;Actinopteri;Kurtiformes;Apogonidae;Apogon;Apogon imberbis
0,0,0,0,0,0,0,0,0,0,0,0,0,0,0,0,0,0,0,0,0,0,0,0,0,0,0,0,0,0,0,0,0,0,0,0,0,0,0,0,0,0,0,0,0,0,0,0,0,0,0,0,0,0,0,0,0,0,0,0,0,0,0,0,0,0,0,0,0,0,0,0,0,0,9,0,0,0,0,0,0,0,0,0,0,0,0,0,0,0,0,0,0,0,0,0,0,0,0,0,0,0,0,0,0,0,0,0,0,0,0,0,0,0,0,0,0,0,0,0,0,0,0,0,0,0,0,0,0,0,0,0,0,0,0,0,0,0,0,0,0,0,0,0,0,0,0,0,0,0,0,0,0,0,0,0,0,16,0,0,0,0,0,0,0,0,0,Eukaryota;Chordata;Actinopteri;Clupeiformes;Engraulidae;Engraulis;Engraulis encrasicolus
0,6,0,0,0,0,0,0,0,0,0,0,0,0,0,0,0,0,0,0,0,0,0,0,0,0,0,0,0,0,0,0,0,0,0,0,0,0,0,0,0,0,0,0,0,0,0,0,0,0,0,0,0,0,0,0,0,0,0,0,0,0,0,0,0,0,0,0,0,0,0,0,0,0,0,0,0,0,0,0,0,0,0,0,0,0,0,0,0,0,0,0,0,0,0,0,0,0,0,0,0,0,0,0,0,0,0,0,0,0,0,0,0,0,0,0,0,0,0,0,0,0,0,0,0,0,0,0,0,0,0,0,0,0,0,0,0,0,0,0,0,0,0,0,0,0,0,0,0,0,0,0,0,0,0,0,0,0,0,0,0,0,0,0,0,0,0,Eukaryota;Chordata;Chondrichthyes;Carcharhiniformes;Triakidae;;
0,0,0,0,0,0,0,0,0,0,0,0,0,0,0,0,0,0,0,0,0,0,0,0,0,0,0,0,0,0,0,0,0,0,0,0,0,0,0,0,0,0,0,0,0,0,0,0,0,0,0,0,0,0,0,0,0,0,0,0,0,0,0,0,0,6,0,0,0,0,0,0,0,0,0,0,0,0,0,0,0,0,0,0,0,0,0,0,0,0,0,0,0,0,0,0,0,0,0,0,0,0,0,0,0,0,0,0,0,0,0,0,0,0,0,0,0,0,0,0,0,0,0,0,0,0,0,0,0,0,0,0,0,0,0,0,0,0,0,0,0,0,0,0,0,0,0,0,0,0,0,0,0,0,0,0,0,0,0,0,0,0,0,0,0,0,0,Eukaryota;Chordata;Aves;Columbiformes;Columbidae;Streptopelia;
75,0,160,117,105,0,1816,75,246,213,0,111,8,98,263,1092,584,357,1985,480,4422,713,593,482,329,191,42,58,106,461,51,74,247,29,136,0,39,1117,1113,504,71,368,343,68,13,0,0,34,0,15,0,0,0,0,564,0,0,0,82,24,42,16,0,0,21,0,240,23,275,331,857,230,0,131,0,0,283,1284,27,127,0,0,38,195,1475,895,1554,55,453,721,0,242,1683,423,1439,50,462,778,2719,3360,534,5049,2681,855,3958,3427,569,2065,1134,799,398,1880,888,2893,1139,9712,658,942,236,217,0,220,1653,172,2900,425,223,1702,0,817,47,0,0,0,0,0,0,0,0,0,0,0,0,3398,1667,116,175,171,26,5708,750,176,178,1488,458,53,176,113,2521,0,283,923,80,364,1333,7,118,Eukaryota;Chordata;Actinopteri;;Embiotocidae;Embiotoca;Embiotoca jacksoni
0,0,0,0,0,0,0,0,0,0,0,0,0,0,0,0,0,0,0,0,0,0,0,0,0,0,0,0,0,0,4,0,0,0,0,0,0,0,0,0,0,0,0,0,0,0,0,0,0,0,0,0,0,0,0,0,0,0,0,0,0,0,0,0,0,0,0,0,0,0,0,0,0,0,0,0,0,0,0,0,0,0,0,0,0,0,0,0,0,0,0,0,0,0,0,0,0,0,0,0,0,0,0,0,0,0,0,0,0,0,0,0,0,0,0,0,0,0,0,0,0,0,0,0,0,0,0,0,0,0,0,0,0,0,0,0,0,0,0,0,0,0,0,0,0,0,0,0,0,0,0,0,0,0,0,0,0,0,0,0,0,0,0,0,0,0,0,Eukaryota;Chordata;Actinopteri;Atheriniformes;Atherinopsidae;Odontesthes;Odontesthes smitti
0,0,0,0,0,0,0,0,0,0,0,0,0,0,0,0,0,0,0,0,0,0,0,0,0,0,0,0,0,0,0,0,0,0,4,0,0,0,0,0,0,0,0,0,0,0,0,0,0,0,0,0,0,0,0,0,0,0,0,0,0,0,0,0,0,0,0,0,0,0,0,0,0,0,0,0,0,0,0,0,0,0,0,0,0,0,0,0,0,0,0,0,0,0,0,0,0,0,0,0,0,0,0,0,0,0,0,0,0,0,0,0,0,0,0,0,0,0,0,0,0,0,0,0,0,0,0,0,0,0,0,0,0,0,0,0,0,0,0,0,0,0,0,0,0,0,0,0,0,0,0,0,0,0,0,0,0,0,0,0,0,0,0,0,0,0,0,Eukaryota;Chordata;Actinopteri;Carangiformes;Carangidae;;
144,1616,0,1613,0,47,139,109,34,0,0,371,287,0,105,45,0,0,0,68,133,227,8036,8547,1607,5631,679,910,1665,1436,70,17,900,0,0,9,0,0,0,0,0,0,0,0,0,0,0,0,0,0,0,0,0,0,0,0,909,0,0,111,0,0,0,0,0,0,0,0,0,456,2534,0,0,60,0,19,42,0,0,0,0,7374,107,234,51,19,0,389,211,174,701,0,239,102,322,0,12,0,128,133,1345,131,78,1341,54691,67856,19039,904,13142,13104,4030,14696,5791,2054,4394,5645,0,0,0,0,177,0,0,0,224,467,16,0,0,0,259,0,286,0,0,0,0,0,0,8,0,0,0,0,0,0,0,0,0,0,3799,11,0,0,0,0,551,107,60,0,81,225,83,0,0,0,0,Eukaryota;Chordata;Actinopteri;Atheriniformes;Atherinopsidae;Odontesthes;Odontesthes incisa
0,122,0,26,170,71,0,313,105,77,0,116,169,13,30,131,238,428,24,189,603,15,10,0,0,23980,865,16,0,729,347,27,254,0,350,42,61,88,73,451,0,207,230,95,10,0,0,0,997,0,0,0,17,0,0,0,0,0,18,224,7,19,22,109,19,205,0,5,725,6,15,32,333,22,539,53,83,643,714,1117,0,29,22,0,0,32,1244,0,49,36,0,0,52,0,180,14,10,604,327,360,583,1871,40,142,717,137,211,80,20641,247,110,166,607,164,920,321,32,192,0,1371,1206,54,526,6,29,111,608,227,4,0,0,30,0,0,0,35,0,0,0,0,0,0,3685,1773,384,163,210,2518,27,221,905,262,184,86,3591,0,8,12,99,285,1141,29,0,60,5,26,0,Eukaryota;Chordata;Actinopteri;;Sciaenidae;;
0,0,0,0,0,0,0,0,0,0,0,0,0,0,0,0,0,0,0,0,0,0,0,0,0,0,0,0,0,0,0,0,0,0,0,0,0,0,0,0,0,0,0,0,0,0,0,0,0,0,0,0,0,0,0,0,0,0,0,0,0,0,0,0,0,0,0,0,0,0,0,0,0,0,1217,0,0,0,0,0,0,0,0,0,0,0,0,0,0,0,0,0,0,0,0,0,0,0,0,0,0,0,0,0,0,0,0,0,0,0,0,0,0,97,0,0,0,0,0,0,0,0,0,0,0,0,0,0,0,0,0,0,0,0,0,0,0,0,0,0,0,0,0,0,0,0,0,0,0,0,0,0,0,0,0,0,0,0,0,0,0,0,0,0,0,0,0,Eukaryota;Chordata;Actinopteri;Gobiiformes;Gobiidae;Gymnogobius;
0,0,0,0,0,0,0,0,0,0,0,0,0,0,0,0,0,0,0,0,0,0,0,0,0,0,0,0,0,0,0,0,0,0,0,0,0,0,0,0,0,0,0,0,0,0,0,0,0,0,0,0,0,0,0,0,0,0,0,0,0,0,0,0,0,0,0,0,0,0,0,0,0,0,0,0,0,0,0,0,0,0,0,0,0,0,0,0,0,0,0,0,0,0,0,0,0,0,0,0,0,0,0,0,0,0,0,0,0,0,0,0,0,0,0,0,5,0,0,0,0,0,0,0,0,0,0,0,0,0,0,0,0,0,0,0,0,0,0,0,0,0,0,0,0,0,0,0,0,0,0,0,0,0,0,0,0,0,0,0,0,0,0,0,0,0,0,Eukaryota;Chordata;Mammalia;NA;Bovidae;Bos;Bos taurus
0,0,92,325,25,2537,9,56,33,25,0,0,0,2265,55,0,0,0,2431,0,0,936,0,72,537,56,66,25,0,79,5,62,91,13,706,632,3,13,10,165,3,31,0,0,285,12253,0,0,0,0,1176,0,0,0,0,0,198,0,0,8,0,145,0,21,171,349,47,0,0,0,7,0,0,131,0,0,438,67,0,180,4914,58,6,1225,786,156,1936,1554,24,459,612,913,3,0,19,929,0,618,95,57,1563,584,1670,78,28,1411,281,3803,47,52,0,0,99,3182,14423,84,277,202,27,54,186,101,124,0,4,374,833,2167,0,0,1344,0,172,0,233,0,0,0,0,0,913,30,0,0,30,74,243,0,0,0,130,0,15,79,0,0,0,0,239,0,26,0,53,1432,37,100,259,Eukaryota;Chordata;Actinopteri;Carangiformes;Carangidae;Trachurus;Trachurus symmetricus
0,0,0,0,0,0,0,0,0,0,0,0,0,0,0,0,0,0,0,0,0,0,0,0,0,0,0,0,0,0,0,0,0,0,0,0,0,0,0,0,0,0,0,0,0,0,0,0,0,0,0,0,0,0,0,0,0,0,0,0,0,0,0,0,0,0,0,0,0,0,0,0,0,0,0,0,0,0,0,0,0,0,0,0,0,0,0,0,0,0,0,0,0,0,0,0,0,0,0,0,0,0,0,0,0,0,0,0,0,0,0,0,0,0,0,0,0,0,0,0,0,0,6,0,0,0,0,0,0,0,0,0,0,0,0,0,0,0,0,0,0,0,0,0,0,0,0,0,0,0,0,0,0,0,0,0,0,0,0,0,0,0,0,0,0,0,0,Eukaryota;Chordata;Mammalia;Primates;;;
0,0,0,0,0,0,0,0,0,0,0,0,0,0,0,0,0,0,0,0,0,0,0,0,0,0,0,0,0,0,0,0,0,0,0,0,0,0,0,0,0,0,0,0,0,0,0,0,0,0,0,0,0,0,0,0,0,0,0,0,0,0,0,0,0,0,0,0,0,0,0,0,0,0,0,0,0,0,0,0,0,0,0,0,0,0,0,0,0,0,0,0,0,0,0,0,0,0,28,835,0,0,0,0,0,0,0,0,0,0,0,0,0,0,0,0,0,0,0,0,0,0,0,0,0,0,0,0,0,0,0,0,0,0,0,0,0,0,0,0,0,0,0,0,0,0,0,0,0,220,0,0,817,0,0,0,0,0,0,0,0,0,0,0,0,0,0,Eukaryota;Chordata;Actinopteri;Spariformes;;;
13,360,0,5290,3197,0,46,1174,851,129,248,0,0,0,0,0,0,0,0,0,0,0,130,348,218,155,482,820,366,321,192,0,197,0,82,0,0,0,0,0,0,60,0,0,0,0,0,0,0,0,0,0,0,329,0,0,0,0,0,0,0,0,0,0,0,0,0,0,0,0,0,0,0,0,0,0,0,0,0,0,102,10474,42,329,1842,4196,1310,697,0,1590,963,0,0,41,0,0,0,0,0,0,0,132,0,0,3206,3751,3120,1209,298,3883,6625,3468,5352,10564,6603,1491,0,0,54,18,0,0,0,0,0,34,19,968,0,0,0,0,0,0,0,0,0,0,0,0,0,0,0,0,0,0,0,0,0,0,0,0,0,0,0,0,0,0,0,0,0,0,0,0,0,0,0,Eukaryota;Chordata;Actinopteri;Scombriformes;Scombridae;Sarda;Sarda chiliensis
0,0,0,0,0,0,0,0,0,0,0,0,0,0,0,0,0,0,0,0,0,0,0,0,0,0,0,0,0,0,0,0,0,0,0,0,0,0,0,0,0,0,0,0,0,0,0,0,0,0,0,0,0,0,0,0,0,0,0,0,0,0,0,0,0,0,0,0,0,0,0,0,0,0,0,0,0,0,0,0,0,0,0,0,0,0,0,0,0,0,0,0,0,0,0,0,0,0,0,0,0,0,0,0,0,0,0,0,0,0,0,0,0,67,229,0,0,0,0,0,0,0,0,0,0,0,0,0,0,0,0,0,0,0,0,0,0,0,0,0,0,0,0,0,0,0,0,0,0,0,0,0,0,0,0,0,0,0,0,0,0,0,0,0,0,0,0,Eukaryota;Chordata;Actinopteri;Blenniiformes;Tripterygiidae;Helcogramma;
0,0,0,0,0,0,0,0,0,0,0,0,0,0,0,0,0,0,0,0,0,0,0,0,0,0,0,0,0,0,0,0,0,0,0,0,0,0,0,0,0,0,0,0,0,0,0,0,0,0,0,0,0,0,0,0,0,0,0,0,0,0,0,0,0,0,0,0,0,0,0,0,0,0,0,0,0,0,0,0,0,0,0,0,0,0,0,0,0,0,0,0,0,0,0,0,0,0,0,0,0,0,0,0,1,0,0,0,0,0,0,0,0,0,0,0,0,0,0,0,0,0,0,0,0,0,0,0,0,0,0,0,0,0,0,0,0,0,0,0,0,0,0,0,0,0,0,0,0,0,0,0,0,0,0,0,0,0,0,0,0,0,0,0,0,0,0,Eukaryota;Chordata;Actinopteri;;Pomacentridae;;
0,0,6,0,0,0,0,0,0,0,0,44,0,0,3,0,135,58,0,10,239,359,0,0,0,0,0,0,0,0,0,0,0,0,0,523,0,0,0,0,0,0,0,0,0,0,0,0,0,0,0,0,1036,0,0,0,0,0,0,0,0,8339,401,5,0,26,2439,0,341,0,243,0,2333,0,0,0,0,0,0,0,0,0,0,0,0,0,0,0,0,0,0,0,0,0,0,0,0,2,9,23,0,0,0,11,0,0,0,0,0,13,0,0,0,0,0,0,0,19,0,0,0,0,0,0,0,0,0,0,0,0,0,0,0,0,0,0,0,0,0,0,0,0,0,0,9,0,0,21,0,6,0,0,0,3,10,0,0,0,0,0,0,0,0,0,0,0,0,Eukaryota;Chordata;Mammalia;;Bovidae;Bos;Bos taurus
0,0,0,0,0,0,0,0,0,0,0,0,0,0,0,0,0,0,0,0,0,0,0,0,0,0,0,0,0,0,0,0,0,0,0,0,0,0,0,0,0,0,0,0,0,0,0,0,0,0,0,0,0,0,0,0,0,0,0,0,0,0,0,0,0,0,0,0,0,0,0,0,0,0,0,0,0,0,0,0,0,0,0,0,0,39,0,0,0,0,0,0,0,0,0,0,0,0,0,0,0,0,0,0,0,0,0,0,0,0,0,0,0,0,0,0,0,0,0,0,0,0,0,0,0,0,0,0,0,0,0,0,0,0,0,0,0,0,0,0,0,0,0,0,0,0,0,0,0,0,0,0,0,0,0,0,0,0,0,0,0,0,0,0,0,0,0,Eukaryota;Chordata;Actinopteri;Ophidiiformes;Ophidiidae;Chilara;Chilara taylori
0,41,0,0,1928,0,0,179,0,0,0,0,156,0,0,0,0,94,0,0,0,0,267,0,2199,2553,5,0,0,0,0,0,0,0,0,0,50,0,0,28,0,0,0,0,0,0,0,0,0,0,0,0,0,0,0,0,0,0,200,985,0,393,242,0,66,63,1396,133,60,0,0,0,0,0,208,0,0,1222,0,0,0,0,0,0,0,0,0,0,0,0,0,0,0,0,0,0,0,0,0,0,0,0,0,0,0,0,0,0,0,0,0,0,0,0,0,0,0,0,0,0,0,33,0,0,0,0,0,0,0,0,0,0,0,0,0,0,0,0,0,0,0,0,0,0,0,0,0,0,0,0,11,0,0,0,0,0,0,0,0,0,0,0,0,0,0,0,0,Eukaryota;Chordata;Chondrichthyes;Heterodontiformes;Heterodontidae;Heterodontus;Heterodontus francisci
0,0,0,0,0,0,0,0,0,0,0,0,0,0,0,0,0,0,0,0,0,0,0,0,0,0,0,0,0,0,0,0,0,0,0,0,0,0,0,0,0,0,0,0,0,0,0,0,0,0,0,0,0,0,0,0,0,0,0,0,0,0,0,0,0,0,0,0,0,0,0,0,0,0,0,0,0,0,0,0,0,0,0,0,0,0,0,0,0,0,0,0,0,0,0,0,0,0,0,0,0,0,0,0,0,0,0,0,0,0,0,0,0,0,0,0,135,0,0,0,0,0,0,0,0,0,0,0,0,0,0,0,0,0,0,0,0,0,0,0,0,0,0,0,0,0,0,0,0,0,0,0,0,0,0,0,0,0,0,0,0,0,0,0,0,0,0,Eukaryota;Chordata;Actinopteri;Gobiiformes;Gobiidae;Gymnogobius;Gymnogobius opperiens
0,0,0,0,0,0,0,0,0,0,0,0,0,0,0,0,0,0,0,0,0,0,0,0,0,0,0,0,0,0,0,0,0,0,0,0,0,0,0,0,0,0,0,0,0,0,0,0,0,0,0,0,0,0,0,0,0,0,0,0,0,0,0,0,0,0,0,0,0,0,0,0,0,0,0,0,0,0,0,0,0,0,0,0,0,0,0,0,0,0,0,0,0,0,0,0,0,0,0,0,0,0,0,0,0,0,0,0,0,0,0,0,0,0,0,0,0,0,0,0,84,0,0,0,0,0,0,0,0,0,0,0,0,0,0,0,0,0,0,0,0,0,0,0,0,0,0,0,0,0,0,0,0,0,0,0,0,0,0,0,0,0,0,0,0,0,0,Eukaryota;Chordata;Actinopteri;Carangiformes;Carangidae;Decapterus;Decapterus macrosoma
0,0,0,0,0,0,0,0,0,0,0,0,227,0,0,0,238,0,91,128,0,0,0,57,0,0,0,0,0,0,0,0,0,0,0,0,0,0,0,0,0,0,0,0,0,0,0,0,0,0,0,0,0,0,0,0,0,0,0,0,0,0,0,0,0,0,0,0,0,0,0,0,0,0,74,0,0,0,0,0,0,0,0,0,0,0,0,0,170,0,0,0,0,469,0,0,180,208,165,0,0,0,642,363,0,0,680,0,176,0,135,0,0,0,0,0,0,0,0,0,0,0,0,0,0,0,0,0,0,0,0,0,0,0,0,0,0,0,0,0,0,0,0,0,0,0,0,0,0,0,0,0,0,0,0,380,0,0,0,0,0,0,0,98,0,0,0,Eukaryota;Chordata;Actinopteri;Gobiiformes;Gobiidae;Luciogobius;Luciogobius guttatus
0,0,0,0,0,0,0,0,0,0,0,0,0,0,0,0,0,0,0,0,0,0,0,0,0,0,0,0,0,0,0,0,0,0,0,0,0,0,0,0,0,0,0,0,0,0,0,0,0,0,0,0,0,0,0,0,0,0,0,0,0,0,0,0,0,0,0,0,0,0,0,0,0,0,0,0,0,0,0,0,0,0,0,0,0,0,0,0,0,0,0,0,0,0,0,0,0,0,0,0,0,0,0,0,0,0,0,0,0,0,0,0,0,0,0,0,0,0,0,0,0,0,0,0,0,0,281,12,0,0,0,0,0,0,0,0,0,0,0,0,0,0,0,0,0,0,0,0,0,0,0,0,0,0,0,0,0,0,0,0,0,0,0,0,0,0,0,Eukaryota;Chordata;Actinopteri;Pleuronectiformes;Pleuronectidae;Hippoglossus;
0,88,0,692,161,1929,0,5742,0,33,0,26,0,0,0,0,0,39,0,0,0,0,0,93,0,0,0,8,18,0,0,4,0,0,27,0,0,0,0,0,0,86,252,48,0,0,0,49,0,0,0,0,0,0,0,0,0,0,0,58,0,0,20,4,369,0,107,8,3080,338,14,0,0,0,0,0,0,0,0,0,3001,882,0,667,700,33,1110,111,979,1437,136,0,0,0,0,0,0,0,0,28,0,5,0,53,187,0,35,55,148,0,0,0,107,39,123,1138,192,676,2723,20,0,3379,0,26,55,693,348,120,692,0,0,0,0,0,75,0,0,0,35,0,4501,0,0,2567,505,2740,59,226,0,932,1457,838,260,672,568,0,0,0,0,0,0,0,0,0,59,0,0,Eukaryota;Chordata;Actinopteri;Labriformes;Labridae;Semicossyphus;Semicossyphus pulcher
0,0,0,0,0,0,0,0,0,0,0,0,0,0,0,0,0,0,0,0,0,0,0,0,0,0,0,0,0,0,0,0,0,0,0,0,0,0,0,0,0,0,0,0,0,0,0,0,0,0,0,0,0,0,0,0,0,0,0,0,0,0,0,0,0,0,0,0,0,0,0,0,0,0,0,0,0,0,0,0,0,0,0,0,0,0,26,0,0,2,1293,84,0,0,0,0,0,0,0,0,0,0,2,0,0,0,8,8,40,163,0,0,0,420,0,24,0,0,270,0,137,83,0,10,0,0,41,0,0,0,0,0,0,0,0,0,28,0,0,0,0,0,0,10,65,0,9,0,0,23,0,5,0,0,0,66,8,0,0,39,24,0,39,0,0,31,52,Eukaryota;Chordata;Actinopteri;NA;Opistognathidae;Opistognathus;Opistognathus iyonis
0,0,0,0,0,0,0,0,0,0,0,0,0,0,0,0,0,0,0,0,0,0,0,0,0,0,0,0,0,0,0,0,0,0,0,0,0,0,0,0,0,0,0,0,0,0,0,0,0,0,0,0,0,0,0,0,0,0,0,0,0,0,0,0,0,0,0,0,0,0,0,0,0,0,0,0,0,0,0,0,0,0,0,0,0,0,0,0,0,0,0,0,0,0,0,0,0,0,0,0,0,0,0,0,0,0,0,0,0,0,0,0,0,0,0,6,0,25,0,0,0,0,0,0,0,0,0,0,0,0,0,0,0,0,1287,0,0,0,0,0,0,0,0,0,0,0,0,0,0,0,0,0,0,0,0,0,0,0,0,0,0,0,0,0,0,0,0,Eukaryota;Chordata;Actinopteri;Aulopiformes;Synodontidae;Synodus;Synodus saurus
0,0,0,0,0,0,0,0,0,0,0,0,0,0,0,0,0,0,0,0,0,0,0,0,0,0,0,0,0,0,0,0,0,0,0,0,0,0,0,0,0,0,0,0,0,0,0,0,0,0,0,0,0,0,0,0,0,0,0,0,0,0,0,0,0,0,0,0,0,0,0,0,0,0,0,0,0,0,0,0,0,0,0,0,0,0,0,0,0,0,0,0,0,0,0,0,0,0,0,0,0,0,0,0,0,0,0,0,0,0,0,0,0,0,0,0,0,0,0,0,0,0,0,0,0,0,0,0,0,0,0,0,0,0,0,0,112,0,0,0,0,0,0,0,0,0,0,0,0,0,0,0,0,0,0,0,0,0,0,0,0,0,0,0,0,0,0,Eukaryota;Chordata;Actinopteri;Lutjaniformes;Haemulidae;Pomadasys;Pomadasys quadrilineatus
0,0,0,0,0,0,0,0,0,0,0,0,0,0,0,0,0,0,0,0,0,0,0,0,0,0,0,0,0,0,0,0,0,0,0,0,0,0,0,0,0,0,0,0,0,0,0,0,0,0,0,0,0,0,0,0,0,0,0,0,0,0,0,0,0,0,0,0,0,0,0,0,0,0,0,0,0,0,0,0,0,0,0,0,0,0,0,0,0,0,0,0,0,0,0,0,0,0,0,0,0,0,0,0,0,0,0,0,0,0,0,0,0,0,0,0,0,0,0,0,0,0,0,0,0,0,0,0,0,0,0,0,0,0,0,0,0,0,0,0,0,0,0,0,0,95,0,0,0,0,0,0,0,0,0,0,0,0,0,0,0,0,0,0,0,0,0,Eukaryota;Chordata;Actinopteri;Beloniformes;Belonidae;Cololabis;Cololabis saira
0,0,0,0,0,0,0,0,0,0,0,0,0,0,0,0,0,0,0,0,0,0,0,0,0,0,0,0,0,0,0,0,0,0,0,0,0,0,0,0,0,0,0,0,0,0,0,0,0,0,0,0,0,0,0,0,0,0,0,0,0,0,0,0,0,0,0,0,0,0,0,0,0,0,0,0,0,0,0,0,0,0,0,0,0,0,0,0,0,0,0,0,0,0,0,0,0,0,0,0,0,0,0,0,0,0,0,0,0,0,0,0,0,19,64,0,0,0,0,0,0,0,0,0,0,0,0,0,0,0,0,0,0,0,0,0,0,0,0,0,0,0,0,0,0,0,0,0,0,0,0,0,0,0,0,0,0,0,0,0,0,0,0,0,0,0,0,Eukaryota;Chordata;Actinopteri;Blenniiformes;Labrisomidae;Neoclinus;Neoclinus nudus
0,0,0,0,0,0,0,0,0,0,0,0,0,0,0,0,0,0,0,0,0,0,0,0,0,0,0,0,0,0,0,0,0,0,0,0,0,0,0,0,0,0,0,0,0,0,0,0,0,0,0,0,0,0,0,0,0,0,0,0,0,0,0,0,0,0,0,0,0,0,0,0,0,0,0,0,0,0,0,0,0,0,0,0,0,0,0,0,0,0,0,0,0,0,0,0,0,0,0,0,0,0,0,0,0,0,0,65,0,0,0,0,0,0,0,0,0,0,0,0,0,0,0,0,0,0,0,0,0,0,0,0,0,0,0,0,0,0,0,0,0,0,0,0,0,0,0,0,0,0,0,0,0,0,0,0,0,0,0,0,0,0,0,0,0,0,0,Eukaryota;Chordata;Actinopteri;Beloniformes;Exocoetidae;;
0,0,0,0,0,0,0,0,0,0,0,0,0,0,0,0,0,0,0,0,0,0,0,0,0,0,0,0,0,0,0,0,0,0,0,0,0,0,0,0,0,0,0,0,0,0,0,0,0,0,0,0,0,0,0,0,0,0,0,0,0,0,0,0,0,0,0,0,0,0,0,0,0,0,0,0,0,0,0,0,0,0,0,0,0,0,0,0,0,0,0,0,0,0,0,0,0,0,0,0,0,0,0,0,0,0,0,0,0,0,0,0,0,0,0,0,0,0,0,0,0,0,0,0,0,0,0,64,0,0,0,0,0,0,0,0,0,0,0,0,0,0,0,0,0,0,0,0,0,0,0,0,0,0,0,0,0,0,0,0,0,0,0,0,0,0,0,Eukaryota;Chordata;Actinopteri;Perciformes;Zaniolepididae;Zaniolepis;Zaniolepis latipinnis
0,0,0,0,0,0,0,0,0,0,0,0,0,0,0,0,0,0,0,0,0,0,0,0,0,0,0,0,0,0,0,0,0,0,0,0,0,0,0,0,0,0,0,0,0,0,0,0,0,0,0,0,0,0,0,0,0,0,0,0,0,0,0,0,0,0,0,0,0,0,0,0,0,0,0,0,0,0,0,0,0,0,61,0,0,0,0,0,0,0,0,0,0,0,0,0,0,0,0,0,0,0,0,0,0,0,0,0,0,0,0,0,0,0,0,0,0,0,0,0,0,0,0,0,0,0,0,0,0,0,0,0,0,0,0,0,0,0,0,0,0,0,0,0,0,0,0,0,0,0,0,0,0,0,0,0,0,0,0,0,0,0,0,0,0,0,0,Eukaryota;Chordata;Actinopteri;Perciformes;Cottidae;Chitonotus;Chitonotus pugetensis
0,0,0,0,0,0,0,0,0,0,0,0,0,0,0,0,0,0,0,0,0,0,0,0,0,0,0,0,0,0,0,0,0,0,0,0,0,0,0,0,0,0,0,0,0,0,0,0,0,0,0,0,0,0,0,0,0,0,0,0,0,0,0,0,0,0,0,0,0,0,0,0,0,0,0,0,0,0,0,0,0,43,0,0,0,0,0,0,0,0,0,0,0,0,0,0,0,0,0,0,0,0,0,0,0,0,0,0,0,0,0,0,0,0,0,0,0,0,0,0,0,0,0,0,0,0,0,0,0,0,0,0,0,0,0,0,0,0,0,0,0,0,0,0,0,0,0,0,0,0,0,0,0,0,0,0,0,0,0,0,0,0,0,0,0,0,0,Eukaryota;Chordata;Actinopteri;Perciformes;Cottidae;Scorpaenichthys;Scorpaenichthys marmoratus
0,0,0,0,0,0,0,0,0,0,0,0,0,0,0,0,0,0,0,0,0,0,0,0,0,0,0,0,0,0,0,0,0,0,0,0,0,0,0,0,0,0,0,0,0,0,0,0,0,0,0,0,0,0,0,0,0,0,0,0,0,0,0,0,0,0,0,0,0,0,0,0,0,0,0,0,0,0,0,0,41,0,0,0,0,0,0,0,0,0,0,0,0,0,0,0,0,0,0,0,0,0,0,0,0,0,0,0,0,0,0,0,0,0,0,0,0,0,0,0,0,0,0,0,0,0,0,0,0,0,0,0,0,0,0,0,0,0,0,0,0,0,0,0,0,0,0,0,0,0,0,0,0,0,0,0,0,0,0,0,0,0,0,0,0,0,0,Eukaryota;Chordata;Mammalia;Cetacea;Ziphiidae;Ziphius;Ziphius cavirostris
1539,0,21,325,2753,39,590,2641,985,527,636,0,0,0,0,0,0,0,0,0,17,0,103,944,128,0,80,402,294,203,397,200,699,0,133,0,0,0,0,3071,358,0,0,0,0,0,0,0,0,0,0,0,0,0,0,0,0,0,0,0,0,0,0,0,0,0,0,0,0,0,0,0,0,0,0,7,0,0,0,0,217,273,128,469,3186,1501,4019,7539,2445,3266,4837,550,0,0,13,0,0,0,0,0,2719,0,0,0,842,458,340,4509,1257,499,704,2048,4348,20607,11788,39957,69,1139,51,64,0,208,0,0,18,0,0,0,0,0,0,0,0,0,0,0,0,0,0,0,0,0,0,0,0,0,0,0,0,0,0,0,0,0,0,0,0,0,0,0,0,0,0,0,0,238,0,Eukaryota;Chordata;Actinopteri;Scombriformes;Scombridae;Thunnus;
0,0,0,0,0,0,0,0,0,0,0,0,0,0,0,0,0,0,0,0,0,0,0,0,0,0,0,0,0,0,0,0,0,0,0,0,0,0,0,0,0,0,0,0,0,0,0,0,0,0,0,0,0,0,0,0,0,0,0,0,0,0,0,0,0,0,0,0,0,0,0,0,0,0,0,0,0,0,0,0,0,0,0,0,0,0,0,0,0,0,0,0,0,0,0,0,0,0,0,0,0,0,0,0,0,0,0,0,0,0,39,0,0,0,0,0,0,0,0,0,0,0,0,0,0,0,0,0,0,0,0,0,0,0,0,0,0,0,0,0,0,0,0,0,0,0,0,0,0,0,0,0,0,0,0,0,0,0,0,0,0,0,0,0,0,0,0,Eukaryota;Chordata;Actinopteri;Salmoniformes;Salmonidae;Oncorhynchus;Oncorhynchus keta
0,0,0,0,0,0,0,0,0,0,0,0,0,0,0,0,0,0,0,0,0,0,0,0,0,0,0,0,0,0,0,0,0,0,0,0,0,0,0,0,0,0,0,0,0,0,0,0,0,0,0,0,0,0,0,0,0,0,0,0,0,0,0,0,0,0,0,0,0,0,0,0,0,0,0,0,0,0,0,0,0,0,0,0,0,0,0,0,0,0,0,0,0,0,0,0,0,0,0,0,0,0,0,0,0,0,0,0,0,0,0,0,0,0,0,0,0,0,0,0,0,0,0,0,0,0,0,28,0,0,0,0,0,0,0,0,0,0,0,0,0,0,0,0,0,0,0,0,0,0,0,0,0,0,0,0,0,0,0,0,0,0,0,0,0,0,0,Eukaryota;Chordata;Actinopteri;Salmoniformes;Salmonidae;Oncorhynchus;Oncorhynchus tshawytscha
17004,8411,53800,14056,3912,23575,4114,16496,1462,9156,2428,4,8784,11,0,8512,19,1233,16,7091,567,0,6496,2067,197,287,236,1649,892,2547,5371,1338,172,7767,9016,1425,1885,14440,3737,3645,172,1623,12819,2236,878,43,0,430,2400,293,119,24734,7935,107,3745,369,4716,1466,477,1475,836,2594,590,902,11012,1046,1702,7375,20218,292,6,13668,14,1067,8641,8051,6309,22608,11661,41262,5575,9817,1829,12411,627,606,9965,1856,443,1330,2545,1505,37,0,0,16,0,43,3599,276,1875,127,85,151,404,722,39,198,242,110,6,447,3757,3530,1074,922,4389,1325,2461,190,486,1912,408,767,757,5554,1928,3499,648,601,1276,168,1218,0,6171,561,155,243,121,0,1488,1945,130,981,340,1854,724,2020,1208,5473,19929,540,933,2061,1520,139,440,0,174,28,368,68,968,829,49,14,3628,Eukaryota;Chordata;Actinopteri;Labriformes;Labridae;Oxyjulis;Oxyjulis californica
357,0,13,2042,0,0,0,0,0,0,0,9,3585,34,1786,383,555,149,662,1117,460,842,67,240,41,52,10,177,0,0,414,0,0,240,153,287,225,534,19,152,13,1936,189,84,0,0,0,0,0,0,0,0,0,0,0,0,0,0,8,0,14,71,14,93,146,342,47,19,30,0,0,0,0,0,0,77,0,41,0,188,0,290,2338,0,949,0,108,259,63,424,454,0,0,0,18,411,298,133,3630,250,6181,2151,1043,1947,443,6296,274,156,1064,547,135,1061,965,45,109,0,3435,1091,265,266,584,1008,2060,272,266,187,219,622,0,0,0,0,0,0,0,0,0,0,0,0,0,0,0,287,4553,0,196,432,0,262,247,253,142,72,203,0,0,0,0,0,0,0,94,0,53,0,0,Eukaryota;Chordata;Actinopteri;;Embiotocidae;Cymatogaster;Cymatogaster aggregata
361,40,0,76,41,13,0,36,848,0,0,117,4,21,0,0,18,123,0,0,417,0,0,262,850,180,46,326,20,18,0,0,0,0,210,0,71,98,0,18,0,47,169,30,0,0,0,0,0,0,0,349,0,0,0,0,0,1572,55,31,1019,54,12,25,268,375,49,7,883,8,0,7,0,53,180,0,0,0,501,0,794,1403,701,147,356,0,1647,0,954,199,0,459,0,3654,266,0,0,0,157,960,0,203,5,559,1242,251,123,669,2195,881,126,377,459,283,20488,649,3640,290,278,36,0,505,300,2338,130,883,391,5,0,0,0,0,0,0,66,0,0,156,0,78,0,1236,88,771,0,0,255,0,1075,396,1429,659,0,4497,321,613,0,0,97,0,0,24,0,0,0,2,15,Eukaryota;Chordata;Actinopteri;Pleuronectiformes;Paralichthyidae;Paralichthys;
0,0,0,0,0,0,0,0,0,0,0,0,0,0,0,0,0,0,0,0,0,0,0,0,0,0,0,0,0,0,0,0,0,0,2,0,0,0,0,0,0,0,0,0,379,0,0,0,0,0,0,0,0,0,0,0,0,0,0,0,0,28,1238,0,0,0,0,0,0,0,2916,0,0,0,0,0,0,0,0,0,0,0,0,0,0,0,0,0,0,0,0,0,0,0,0,0,0,0,0,0,0,0,0,0,0,0,0,0,0,0,0,0,0,0,0,0,0,0,0,0,0,0,0,0,0,0,0,0,0,0,0,0,0,0,0,0,0,0,0,0,0,0,0,0,0,0,0,0,0,0,0,0,0,0,0,0,0,0,0,0,0,0,0,0,0,0,0,Eukaryota;Chordata;Aves;Charadriiformes;Laridae;Larus;Larus occidentalis
0,0,0,0,14,0,174,23,6,30,0,0,0,0,0,0,0,0,0,0,0,0,57,30,59,0,934,167,5,0,0,7,0,0,0,0,0,0,0,0,57,0,0,0,89,0,0,0,0,0,62,2047,0,0,0,0,0,0,0,0,7,0,9,0,0,43,0,0,0,58,4581,0,131,54,0,483,0,0,0,0,0,264,0,125,392,0,0,93,87,254,1094,0,0,0,0,0,0,0,0,0,0,0,0,0,0,699,5,3450,16,97,60,0,374,274,279,502,0,0,0,0,0,1681,0,0,0,0,0,0,1655,0,0,0,0,0,0,0,0,0,0,0,2383,0,0,0,0,0,0,0,173,0,0,0,0,5021,0,17,453,29,0,639,381,20,75,700,178,72,1160,Eukaryota;Chordata;Actinopteri;Centrarchiformes;Kyphosidae;Girella;Girella simplicidens
0,0,0,0,0,0,0,0,0,0,0,0,0,0,0,0,0,0,0,0,0,0,0,0,0,0,0,0,0,0,0,0,0,0,0,0,0,0,0,0,0,0,0,0,0,0,0,0,0,0,0,0,0,0,0,0,0,0,0,0,0,0,0,0,0,0,0,0,0,0,0,0,0,0,0,0,0,0,0,0,0,587,1693,0,0,0,0,0,0,122,0,0,0,0,0,0,0,0,0,0,0,0,0,0,0,0,0,0,0,0,0,0,0,0,0,0,0,0,0,0,0,0,0,0,0,0,0,0,0,0,0,0,0,0,0,0,0,0,0,0,0,0,0,0,0,0,0,0,0,0,0,0,0,0,0,0,0,0,0,0,0,0,0,0,0,0,0,Eukaryota;Chordata;Actinopteri;Carangiformes;Carangidae;Seriola;
91,0,24,6,98,0,0,1407,0,464,0,0,0,0,0,0,0,0,0,0,0,0,0,0,0,0,0,0,0,0,0,0,0,0,0,0,0,0,0,0,0,0,0,0,0,0,0,0,0,0,1588,22,0,720,6466,947,20,156,0,7,349,62,32,53,112,67,52,0,174,0,0,577,0,0,0,0,0,0,0,0,0,0,6,0,0,0,0,0,0,3,0,0,0,0,0,0,0,0,0,0,0,0,0,0,0,0,0,0,0,0,0,2,0,0,0,0,0,0,0,0,0,0,0,0,0,0,0,0,0,0,0,0,0,0,0,0,0,0,0,0,0,0,0,9,0,0,0,0,0,0,0,0,0,0,0,0,0,0,0,0,0,0,0,0,0,0,0,Eukaryota;Chordata;Chondrichthyes;Lamniformes;Alopiidae;Alopias;Alopias vulpinus
0,0,0,0,0,0,0,0,0,0,0,0,0,0,0,0,0,0,0,0,0,0,0,0,0,0,0,0,0,0,0,0,0,0,0,0,0,0,0,0,0,0,0,0,0,0,0,0,0,0,0,0,0,0,0,0,0,0,0,0,0,0,0,0,0,0,0,0,0,0,0,0,0,0,0,0,0,0,0,0,0,0,0,0,0,0,0,0,0,0,0,0,0,0,0,0,0,0,0,0,0,0,392,0,0,0,0,0,0,0,0,0,0,0,0,0,0,0,0,0,0,0,0,0,0,0,0,0,0,0,0,0,0,0,0,0,0,0,0,0,0,0,0,0,0,0,0,0,0,0,0,0,0,0,0,0,0,0,0,0,0,0,0,0,0,0,0,Eukaryota;Chordata;Actinopteri;Lutjaniformes;Lutjanidae;Caesio;Caesio varilineata
0,2219,0,0,0,0,0,134,0,0,0,0,0,0,0,0,0,0,0,0,0,0,0,0,0,0,0,0,0,0,0,13,0,55,212,0,183,498,0,7,0,138,743,222,0,0,0,0,2,0,0,0,0,0,0,0,0,0,13,0,8,40,128,0,33,588,5,0,0,0,0,0,0,0,0,0,0,0,0,0,0,0,0,0,0,0,0,0,0,0,0,0,0,0,0,0,0,0,0,0,0,0,0,0,0,0,0,0,0,0,0,0,0,0,0,0,0,0,0,0,0,0,0,0,0,0,0,0,0,0,0,0,0,0,0,0,0,0,0,0,0,0,0,0,0,0,0,0,0,0,0,0,0,0,0,0,0,0,0,0,0,0,0,0,0,0,0,Eukaryota;Chordata;Chondrichthyes;Rajiformes;Rajidae;Raja;Raja inornata
21,204,0,0,536,0,276,0,0,0,0,53,0,0,0,0,177,102,0,131,311,0,429,1039,223,119,33,0,123,0,30,0,0,47,47,0,281,0,253,0,0,189,0,0,0,0,0,0,0,0,0,0,0,0,0,0,0,0,84,100,0,0,51,500,0,48,26,2723,928,0,0,0,0,0,231,0,0,25,0,0,151,0,146,316,0,0,0,0,0,190,715,0,0,47,397,54,159,92,330,5479,391,0,0,2966,5490,904,784,72,594,441,1426,1629,410,330,3271,1115,249,480,26,135,2225,0,278,461,220,179,158,31,0,222,0,0,0,0,1188,0,0,0,0,0,0,0,0,701,125,384,3072,30,33,443,39,35,886,1145,688,0,0,0,0,0,0,0,112,0,0,0,0,Eukaryota;Chordata;Actinopteri;;Embiotocidae;Rhacochilus;Rhacochilus vacca
455,653,93,143,1725,5779,12114,485,740,2737,797,1906,3174,2272,14544,7574,8986,3354,9759,10242,9240,10891,906,2656,3382,1371,1371,6917,6324,2643,18416,6059,3177,499,13640,1015,13120,9068,690,4085,422,4538,2074,4750,4522,117,0,4172,7145,0,480,17,2476,216,1635,5638,0,691,415,95,669,875,16,602,1916,2514,3246,3981,1468,1728,2321,1905,2867,591,3373,343,2687,4276,7955,1671,0,0,0,7,9,0,133,15,19,0,42,0,11,13,0,5,19,118,14,52,255,25,17,25,0,27,5,19,8,0,21,29,19,249,149,53,0,11,6,14,107,40,32,26,0,0,3,9,0,0,0,0,0,0,0,4,0,0,0,0,0,42,7,0,10,0,0,0,0,0,8,0,0,18,16,0,0,0,0,0,0,0,0,0,16,0,7,Eukaryota;Chordata;Chondrichthyes;Myliobatiformes;Myliobatidae;Myliobatis;Myliobatis californica
0,0,0,0,0,0,0,165,0,0,0,0,0,0,0,401,2613,41,0,0,0,0,0,510,0,0,0,0,0,0,0,0,0,0,236,4210,0,0,0,189,119,0,0,0,0,0,2,0,0,969,0,0,0,0,0,0,0,0,228,0,0,0,2041,0,0,0,170,0,19,0,0,0,0,0,0,0,0,0,0,0,0,0,0,0,0,0,0,0,0,0,0,0,0,0,0,0,5,0,0,0,0,0,0,0,0,0,0,0,0,0,0,0,0,0,0,0,0,3,0,0,0,0,0,151,0,0,0,0,0,0,0,0,0,0,0,0,0,0,0,0,0,0,0,0,0,35,0,0,101,0,0,0,0,0,0,0,0,0,0,0,0,0,0,0,0,0,28,Eukaryota;Chordata;Mammalia;;Suidae;Sus;Sus scrofa
0,0,0,0,0,0,0,0,69,0,0,0,0,0,0,0,0,0,0,0,0,0,0,0,0,0,25,0,35,0,0,0,0,0,0,0,0,0,0,0,0,0,0,0,0,0,0,0,0,0,0,0,0,0,0,0,0,0,0,0,7,99,24,0,0,0,190,818,18,0,214,0,28,24,0,9,0,14,1627,60,0,0,0,0,0,0,0,0,0,0,0,0,0,0,0,0,0,0,0,0,0,0,0,0,0,0,0,0,0,8,0,7,0,0,0,0,0,0,0,0,0,0,0,0,0,0,0,0,0,0,0,0,0,0,0,0,0,0,0,0,0,0,0,0,0,0,0,0,0,0,0,0,0,0,0,0,0,0,0,0,0,0,0,0,0,0,0,Eukaryota;Chordata;Chondrichthyes;Carcharhiniformes;Triakidae;Triakis;Triakis semifasciata
38,9,0,0,3045,0,0,45,0,444,25,0,0,0,29,0,0,0,0,11,0,111,0,0,0,30,0,18,9,0,0,197,0,11,276,0,28,0,0,5,0,5,11,30,0,0,0,0,0,0,0,7,0,0,174,0,0,80,0,247,0,0,0,0,65,358,0,0,0,0,75,0,0,0,0,0,159,0,0,0,0,6,0,0,0,0,4,0,0,0,0,0,0,0,0,0,0,0,0,0,0,0,0,0,0,0,0,0,0,0,0,0,0,0,0,0,0,0,0,0,0,0,7,0,7,0,0,0,0,0,0,0,0,0,0,0,0,0,0,0,0,0,0,0,0,0,0,0,0,0,0,0,0,0,0,0,0,0,15,0,0,0,0,0,0,0,0,Eukaryota;Chordata;Mammalia;Cetacea;Delphinidae;Tursiops;Tursiops truncatus
0,0,0,0,0,0,0,0,0,0,0,0,0,0,0,0,0,0,0,0,0,0,0,0,0,0,0,0,0,0,0,0,0,0,0,7,0,0,0,0,0,0,0,0,0,0,0,0,0,0,0,0,0,0,0,0,0,0,0,0,0,0,0,0,0,0,0,0,0,0,909,0,0,0,0,0,0,0,0,0,0,0,0,47,0,0,0,0,0,0,0,0,0,0,0,0,0,0,0,0,0,0,250,0,13,0,0,0,0,0,0,0,0,0,0,0,0,0,0,0,0,0,0,0,0,0,0,0,0,0,0,0,0,0,0,0,0,0,0,0,0,0,0,0,0,0,0,0,0,0,0,0,0,0,109,0,0,0,0,0,0,0,0,0,0,0,0,Eukaryota;Chordata;Actinopteri;Perciformes;Cottidae;Clinocottus;Clinocottus analis
16,7850,0,0,0,0,0,0,0,0,0,0,0,0,13,0,0,0,0,0,0,0,0,42,254,0,0,8,0,49,32,0,51,0,0,0,0,0,0,0,0,11,0,0,0,0,0,0,0,0,0,0,0,0,0,0,0,0,21,0,352,9,0,3,0,19,0,8,629,0,0,0,0,0,0,0,0,0,0,0,0,54,0,0,60,0,0,0,0,61,0,0,0,28,0,0,0,0,0,0,0,0,0,0,1062,0,24,73,58,58,193,13,0,166,0,504,0,0,0,0,0,0,0,0,0,0,0,0,0,0,0,0,0,0,0,0,0,0,0,0,0,0,0,0,0,52,96,433,60,0,0,102,4864,164,0,0,0,0,0,0,0,0,0,0,0,0,0,Eukaryota;Chordata;Actinopteri;Carangiformes;Carangidae;Seriola;Seriola lalandi
0,0,0,181,0,0,1447,0,0,199,0,0,0,0,0,0,0,0,0,0,0,0,0,249,600,335,388,183,646,50,0,0,424,0,188,0,11,81,0,74,0,0,309,0,0,0,0,0,0,0,0,0,0,0,0,0,0,0,0,0,0,0,0,0,0,0,0,0,0,0,0,0,0,0,0,0,0,0,0,0,100,0,0,0,0,0,0,0,0,0,0,91,0,0,0,0,0,0,0,0,767,0,0,0,840,1164,2096,7538,2523,2780,11803,1528,422,1008,185,631,0,0,0,108,0,108,292,140,0,183,812,1577,0,0,0,0,0,0,0,0,0,0,0,0,0,0,0,0,0,0,0,0,0,0,0,0,0,0,0,0,0,0,0,0,0,0,0,0,0,0,0,Eukaryota;Chordata;Actinopteri;Scombriformes;Scombridae;Thunnus;Thunnus alalunga
0,0,0,0,0,0,0,0,0,0,0,0,0,0,0,0,0,0,0,0,0,0,0,0,0,0,0,0,0,0,0,0,0,0,0,0,0,0,0,0,0,0,0,0,0,0,0,0,0,0,0,0,0,0,0,0,0,0,0,0,0,0,0,0,0,0,0,0,0,0,0,0,0,0,0,0,0,0,0,0,0,0,0,0,0,0,0,0,0,0,0,0,0,0,0,0,0,0,0,0,0,0,0,0,0,0,0,0,0,0,4,0,0,0,0,0,0,0,0,0,0,0,0,0,0,0,0,0,0,0,0,0,0,0,0,0,0,0,0,0,0,0,0,0,0,0,0,0,0,0,0,0,0,0,0,0,0,0,0,0,0,0,0,0,0,0,0,Eukaryota;Chordata;Chondrichthyes;Pristiformes/Rhiniformes group;;;
49,0,36,528,1109,158,940,0,774,1528,188,0,0,0,0,0,0,0,0,5,79,0,0,182,0,0,108,0,49,33,374,0,65,6,1176,88,0,0,0,0,0,43,0,0,0,0,0,0,0,0,0,0,0,0,0,0,0,0,0,0,0,0,0,0,0,0,0,0,0,0,0,0,0,0,0,0,0,0,0,0,277,755,0,553,0,562,14795,607,797,1796,4588,438,0,0,0,0,0,0,0,1170,549,170,318,0,0,224,0,0,223,71,168,472,617,6841,4018,1480,0,39,0,0,58,0,315,56,0,0,0,0,0,0,0,0,0,0,0,0,0,0,0,0,0,0,0,0,0,0,0,0,0,0,0,0,0,0,0,0,0,0,0,0,0,0,0,0,0,0,0,Eukaryota;Chordata;Actinopteri;Scombriformes;Scombridae;Katsuwonus;Katsuwonus pelamis
34,0,0,0,0,376,0,0,0,0,0,0,0,0,0,0,0,0,0,0,0,0,0,0,33,0,44,0,147,2,0,0,0,0,0,0,0,0,0,0,0,0,0,0,0,0,0,0,0,0,0,0,0,0,0,1380,0,0,16,0,0,0,0,0,0,0,0,0,0,0,0,0,0,0,0,0,0,0,0,0,0,0,0,0,0,0,0,0,0,0,0,0,0,0,0,0,0,0,0,0,0,0,0,0,0,0,0,6,0,0,0,0,0,0,0,0,0,0,0,0,0,0,0,0,0,0,0,0,0,0,0,0,0,0,0,0,0,0,0,0,0,0,0,0,0,0,0,0,0,0,0,0,0,0,0,0,0,0,0,0,0,0,0,0,0,0,0,Eukaryota;Chordata;Chondrichthyes;NA;Platyrhinidae;Platyrhina;Platyrhina sinensis
0,0,0,0,0,0,0,0,0,0,0,0,0,0,0,0,0,0,0,0,0,0,89,48,559,859,761,0,0,0,0,0,0,0,0,0,37,2,8,0,0,0,0,0,0,0,0,0,0,0,0,0,0,0,0,0,0,0,0,0,0,0,0,0,0,0,0,0,0,0,0,0,0,0,0,0,0,0,0,0,0,0,0,0,0,0,10,0,0,0,0,0,0,0,0,0,0,0,0,0,0,0,0,0,0,0,0,0,0,25,0,0,4,0,0,3,0,0,0,0,0,0,0,0,0,0,0,0,0,0,0,0,0,0,0,0,0,0,0,0,0,0,0,0,0,0,0,0,0,0,0,0,0,0,0,0,0,0,0,0,0,0,0,0,0,0,0,Eukaryota;Chordata;Actinopteri;Carangiformes;Coryphaenidae;Coryphaena;Coryphaena hippurus
0,0,0,0,0,0,0,0,0,0,0,0,0,0,0,0,0,0,0,0,0,0,0,0,0,0,0,0,0,0,0,0,0,251,1095,5,342,40,0,0,62,0,0,7,0,0,0,0,0,0,0,0,0,230,0,0,0,0,0,0,0,0,0,0,0,0,0,0,0,0,0,0,0,0,0,0,0,0,0,0,0,0,0,0,0,640,0,0,0,0,0,0,0,0,0,0,0,0,0,0,0,0,0,0,216,0,0,0,0,43,0,0,0,0,0,0,2735,62,223,204,111,0,0,70,224,0,0,73,0,0,0,0,0,0,0,0,0,0,0,0,0,0,0,300,0,0,0,0,0,0,0,0,0,0,0,0,0,0,0,0,17,0,0,0,0,0,0,Eukaryota;Chordata;Actinopteri;NA;Sphyraenidae;Sphyraena;Sphyraena helleri
0,0,0,0,0,0,0,0,0,0,0,0,0,0,0,0,0,0,0,0,0,0,0,0,0,0,0,0,0,0,0,0,0,0,0,0,0,0,0,0,0,0,18,0,0,0,0,0,0,0,0,0,0,0,0,0,0,0,0,0,0,0,0,0,0,0,0,0,0,0,0,0,0,0,0,0,0,0,0,0,523,148,564,21,8,22,106,11,0,0,0,0,0,0,0,0,0,0,0,0,0,0,0,0,77,0,0,0,7,0,0,0,5,0,14,0,0,0,0,0,0,0,67,0,0,7,0,0,8,0,0,33,0,0,0,106,57,170,134,816,0,0,0,218,16,0,0,0,0,0,0,54,0,0,0,180,0,0,36,0,0,0,0,0,0,0,0,Eukaryota;Chordata;Actinopteri;Aulopiformes;Synodontidae;Synodus;Synodus lucioceps
515,0,0,17,8,0,23,0,0,139,35,0,0,0,0,0,0,0,63,0,8,0,0,259,52,0,594,14,26,188,0,68,0,0,0,0,0,10,0,14,0,0,0,0,23,4,0,15,0,0,0,21,0,0,0,107,117,0,0,8,61,0,0,16,65,0,53,106,71,0,0,24,0,0,59,0,0,2,0,125,75,0,0,0,0,259,0,210,0,49,890,0,23,0,0,0,0,171,0,0,109,0,1439,0,165,141,0,283,944,0,66,232,85,217,358,120,0,0,0,0,0,0,625,0,0,0,0,55,143,358,0,240,0,0,0,0,0,5809,0,0,0,186,0,0,0,0,0,0,28,0,0,0,89,0,2460,6,0,279,117,71,0,114,61,1110,29,66,0,Eukaryota;Chordata;Actinopteri;Blenniiformes;Blenniidae;Parablennius;Parablennius yatabei
7,261,58,99,77,25,21,5,0,0,7,0,0,0,0,0,0,0,0,30,0,0,0,41,0,0,0,0,0,0,49,0,0,0,0,2,9,2,0,0,0,43,0,63,0,0,0,0,0,0,0,0,0,0,25,0,0,0,0,0,0,74,4,0,0,0,19,0,9,0,0,0,0,0,0,0,0,0,0,0,92,69,4,7,549,165,43,28,82,89,105,15,3,0,0,0,0,0,0,0,38,0,0,0,18,0,0,0,10,0,0,10,0,0,135,44,0,13,0,0,0,0,0,0,0,13,6,14,0,0,0,0,0,0,76,0,0,0,10,0,0,0,0,0,0,0,131,0,0,0,0,0,9,0,0,0,0,0,0,0,0,0,0,0,0,0,0,Eukaryota;Chordata;Actinopteri;NA;Pomacentridae;Chromis;Chromis punctipinnis
0,0,0,0,0,0,0,0,0,0,0,0,0,0,0,0,0,0,0,0,0,0,0,0,0,0,0,0,0,0,0,0,0,0,0,0,0,0,0,0,0,0,0,0,0,0,0,0,0,0,0,0,0,0,0,0,0,0,0,0,0,0,0,14,0,0,0,0,0,0,0,0,0,0,0,0,0,0,0,0,0,0,0,0,0,0,0,0,0,0,0,0,0,0,0,0,0,0,0,0,0,0,0,0,0,0,0,0,0,0,0,0,0,0,0,0,0,0,0,0,0,0,0,0,0,0,0,0,0,0,0,0,0,0,0,0,0,0,0,0,0,0,0,0,0,0,0,0,0,0,0,0,0,0,0,0,0,0,0,0,0,0,0,0,0,0,0,Eukaryota;Chordata;Actinopteri;Centrarchiformes;Kyphosidae;Microcanthus;Microcanthus strigatus
176,357,26,233,1073,25,0,20,31,0,0,0,0,0,0,0,0,0,0,0,45,0,0,12,5,0,0,38,0,0,54,0,0,0,9,0,8,0,0,0,0,8,0,0,0,0,0,0,0,0,183,0,0,5,0,214,0,113,0,75,3,92,14,0,79,104,95,0,86,0,0,0,0,0,0,0,0,0,0,0,2007,579,383,2410,24,63,374,0,0,183,407,0,0,0,0,0,0,0,0,0,0,0,422,0,249,274,0,54,0,0,14,980,0,0,0,0,0,0,49,7,0,0,0,0,0,30,0,59,234,0,221,0,0,0,914,443,0,0,0,0,630,885,32,0,0,75,0,172,988,15,29,0,1381,575,52,0,0,0,0,0,0,0,0,0,0,0,0,Eukaryota;Chordata;Actinopteri;Pleuronectiformes;Paralichthyidae;Citharichthys;Citharichthys stigmaeus
0,0,0,0,0,0,0,0,0,0,0,0,0,0,0,0,0,34,0,0,0,278,0,0,123,0,0,0,0,0,0,0,0,0,0,0,0,0,0,0,0,0,0,0,0,0,0,0,0,0,0,0,0,0,0,0,0,0,0,0,0,0,0,0,0,0,0,0,0,0,0,0,0,0,0,0,0,0,0,0,0,0,0,0,0,0,0,0,0,0,0,0,0,0,0,0,0,0,0,0,35,0,0,0,0,0,0,0,0,0,0,0,0,0,0,0,0,0,258,0,0,0,0,0,0,180,0,0,0,0,0,0,0,0,0,0,0,0,0,0,0,0,0,0,0,0,0,0,0,0,0,0,0,0,0,0,0,0,0,0,0,0,0,0,0,65,0,Eukaryota;Chordata;Actinopteri;Lutjaniformes;Lutjanidae;;
0,0,0,0,0,0,0,0,0,0,0,0,0,0,0,0,0,17,0,0,0,0,0,0,0,0,0,0,0,115,0,0,0,0,0,0,0,0,0,0,0,0,0,0,0,0,0,0,0,0,0,0,0,0,0,0,0,0,0,0,0,0,0,0,0,0,0,0,0,0,0,0,0,0,0,0,0,0,0,0,0,0,0,0,0,0,0,0,0,0,0,0,0,0,0,0,0,0,0,0,0,0,0,0,0,149,0,0,20,116,279,0,0,0,0,0,0,0,0,0,0,0,0,0,0,0,0,0,0,0,0,0,0,0,0,0,0,0,0,0,0,0,0,0,0,0,0,0,0,0,0,0,0,0,0,0,0,20,0,0,0,0,0,0,0,0,0,Eukaryota;Chordata;Actinopteri;Albuliformes;Albulidae;Albula;Albula glossodonta
0,0,0,0,0,0,0,0,0,0,0,0,0,0,0,0,0,0,0,0,0,0,0,0,0,0,0,0,0,0,0,0,0,0,0,0,0,0,0,0,0,0,0,0,0,0,0,0,0,0,0,0,0,0,0,0,0,0,0,0,0,0,0,0,0,0,0,0,0,0,0,0,0,0,0,0,0,0,0,0,0,0,0,0,0,0,0,0,0,0,0,0,0,0,0,0,0,0,0,3,0,0,0,0,0,0,0,0,0,0,0,0,0,0,0,0,0,0,0,0,0,0,0,0,0,0,0,0,0,0,0,0,0,0,0,0,0,0,0,0,0,0,0,0,0,0,0,0,0,0,0,0,0,0,0,0,0,0,0,0,0,0,0,0,0,0,0,Eukaryota;Chordata;Actinopteri;Scombriformes;;;
25,182,0,436,2141,47,19,47,184,5,0,264,1336,173,74,161,152,469,647,3841,731,219,330,47,186,640,122,111,267,68,10,37,0,237,882,105,1031,465,142,92,20,170,519,444,0,0,0,0,0,0,54,0,0,0,0,103,0,0,246,318,307,170,14,99,341,544,17,49,464,0,0,5,121,354,0,0,652,82,3474,20,0,0,44,0,733,0,17,63,66,19,110,8,39,100,623,397,0,24,751,1494,8422,2205,1133,370,349,189,112,234,188,3244,59,190,303,1228,585,25,2713,873,406,4187,1349,1257,342,635,70,976,1431,2058,0,0,0,0,0,0,0,0,0,0,0,0,0,0,0,3753,1642,765,470,689,257,1050,2034,703,0,0,63,133,0,0,0,65,189,28,57,45,380,47,0,Eukaryota;Chordata;Actinopteri;Gobiiformes;Gobiidae;Gymnogobius;Gymnogobius urotaenia
0,0,0,0,0,0,0,0,0,0,0,0,0,0,0,0,0,0,0,0,0,0,0,0,0,0,0,0,0,0,0,0,0,0,0,0,0,0,0,0,0,0,0,0,0,0,0,0,0,0,0,0,0,0,0,0,0,0,0,0,0,0,0,0,0,0,0,0,0,0,0,0,0,0,0,0,0,0,0,0,0,16,0,50,17,153,0,304,0,0,0,0,0,0,0,7,0,0,0,48,54,722,2210,0,2431,364,43,31,0,100,86,210,0,2328,37,407,0,19,0,0,0,0,0,0,87,77,45,151,0,2361,0,0,0,0,134,0,0,0,0,0,3316,0,0,0,0,0,0,396,37,242,337,0,141,6,0,0,43,26,0,0,0,0,143,0,0,0,0,Eukaryota;Chordata;Actinopteri;Blenniiformes;Blenniidae;;
0,265,0,0,0,0,0,0,0,431,0,0,0,21,0,0,0,0,0,12,0,0,0,0,29,0,0,0,0,14,0,0,0,6,0,14,128,117,0,0,3,13,56,0,0,0,0,0,0,0,0,0,0,0,0,0,0,0,0,300,0,6,0,5,0,0,21,0,0,0,0,0,0,0,0,0,0,0,0,0,13,276,0,3,0,0,318,0,0,0,0,0,0,0,0,0,0,0,96,0,0,0,0,496,0,0,0,970,0,0,0,0,224,27,65,0,33,308,0,0,0,0,0,0,0,39,41,20,0,0,0,0,0,0,0,0,136,12,0,0,0,0,189,0,13,659,150,326,66,255,0,98,0,0,0,0,0,144,0,84,0,0,0,0,0,0,0,Eukaryota;Chordata;Actinopteri;Pleuronectiformes;Paralichthyidae;Xystreurys;Xystreurys liolepis
0,0,0,0,0,0,0,0,0,0,0,0,0,0,0,0,0,0,0,0,0,0,0,0,0,0,0,13,0,0,0,0,0,0,0,0,0,0,0,0,0,0,0,0,0,0,0,0,0,0,0,0,0,0,540,0,0,0,0,0,0,0,0,0,0,0,0,0,0,0,0,0,0,0,0,0,0,0,0,79,0,0,0,0,0,0,0,0,0,0,0,0,0,0,0,0,0,0,0,0,0,0,0,0,27,0,0,0,0,0,0,0,0,0,0,0,0,0,0,0,0,0,0,0,0,0,0,0,0,0,0,0,0,0,0,0,0,0,0,15,0,0,0,0,0,0,0,0,0,0,0,0,0,0,0,0,0,0,0,0,0,0,0,0,0,0,0,Eukaryota;Chordata;Actinopteri;Mugiliformes;Mugilidae;Mugil;Mugil cephalus
0,11,0,0,0,0,0,0,0,0,0,0,0,0,0,0,0,0,0,0,0,0,0,0,0,58,0,0,0,0,0,0,0,0,0,0,0,0,0,0,0,0,0,0,0,0,0,0,0,0,0,0,0,0,0,0,0,0,0,0,0,0,0,0,0,522,0,0,0,0,0,0,0,0,0,0,0,0,0,0,42,20,198,127,47,132,4328,0,0,0,363,88,0,0,0,0,0,0,235,0,0,0,0,0,0,0,0,0,0,0,0,53,31,0,0,0,0,0,0,4725,0,25,0,0,0,101,72,56,0,0,0,0,0,0,0,0,0,0,0,0,0,0,0,0,34,0,0,0,0,49,0,0,0,5374,0,0,0,0,0,0,0,0,0,0,0,0,0,Eukaryota;Chordata;Actinopteri;Perciformes;Sebastidae;Sebastes;
2808,7290,959,5333,14042,1758,1155,2038,1494,1751,439,4005,13736,3754,5790,2654,7433,11033,10600,15411,16937,15964,288,2191,1711,1337,208,1386,815,511,481,2465,336,2994,6863,452,4029,3019,3690,648,736,5363,1585,5716,512,3804,0,2260,895,521,233,69,1373,43,1779,890,1013,34,2686,4072,2844,2845,4616,2419,1840,5462,16245,4593,5599,895,1199,50,2929,1865,10801,1319,2334,736,5026,4144,13045,19864,8009,4757,9500,23124,8655,4377,5977,9186,2582,3455,21270,24291,11731,7022,12506,34299,51721,58008,46936,44145,26791,39132,1441,5250,2596,3613,5455,3027,4263,7975,12786,4711,22458,4704,4491,15743,6185,6474,9776,15278,13036,3370,3562,19644,15961,27556,1950,262,19,1412,1421,10,12534,9287,5105,9418,3153,6902,11310,2595,4263,47420,29562,12931,5514,31394,22797,23529,26636,18323,47244,29730,32857,1522,6693,2110,1696,1561,5902,1251,1576,11336,2670,1316,601,Eukaryota;Chordata;Actinopteri;;;;
0,0,0,0,0,0,0,0,0,0,0,0,104,0,0,0,0,0,0,117,20,0,0,23,9,0,0,196,0,0,0,0,0,0,0,0,0,112,0,0,0,0,0,0,0,0,0,0,0,0,0,0,0,0,0,0,0,0,0,0,0,0,0,0,0,0,0,0,0,0,0,0,0,106,0,0,0,0,0,0,0,0,0,0,0,0,0,0,0,0,0,0,0,0,0,0,0,0,0,0,0,0,0,0,0,0,0,0,0,0,0,5,0,0,0,0,0,0,0,0,0,0,0,0,0,0,0,0,0,0,0,0,0,0,0,0,0,0,0,0,0,0,0,0,0,0,0,0,0,0,0,0,0,0,0,0,0,0,0,0,0,0,0,0,0,0,0,Eukaryota;Chordata;Aves;Columbiformes;Columbidae;Columba;Columba livia
19,0,0,0,0,0,0,0,0,0,0,253,1798,687,26,360,428,147,638,908,40,757,0,429,0,0,8,31,0,0,4,0,0,0,0,0,0,0,0,0,0,0,53,0,0,0,0,0,0,0,0,0,0,0,0,0,0,0,0,0,0,0,0,0,0,0,0,0,0,0,150,16,73,56,225,0,686,724,186,86,0,0,0,0,0,0,0,0,575,0,0,0,14544,4380,2303,887,1670,2044,6542,2694,1127,6303,832,2481,4,0,0,0,964,30,71,20,0,0,0,0,0,0,12,0,0,0,270,0,0,0,0,19,0,142,0,0,0,0,0,0,0,0,0,0,0,0,0,0,0,0,0,0,0,0,0,0,0,0,0,0,82,8,1179,153,7,581,343,2942,1154,155,2745,Eukaryota;Chordata;Actinopteri;Gobiiformes;Gobiidae;;
0,538,0,0,0,233,0,0,0,0,0,0,0,0,0,0,0,0,0,0,0,0,0,0,0,156,0,0,0,0,0,0,0,0,0,0,0,0,0,0,0,0,0,0,0,0,0,0,0,0,0,0,0,0,0,0,0,0,0,0,0,0,0,0,0,0,0,0,0,0,0,53,0,0,380,950,270,432,179,157,0,178,91,0,0,0,0,0,0,0,0,0,0,0,0,0,0,0,0,27,0,648,0,0,0,0,0,0,0,0,356,79,0,94,0,0,0,0,0,0,0,0,0,0,0,0,0,0,0,1803,0,0,0,0,266,0,0,0,0,0,0,0,0,2385,17,0,0,0,1192,0,0,0,255,863,0,0,0,0,1747,134,0,0,149,0,0,0,3895,Eukaryota;Chordata;Actinopteri;Centrarchiformes;Kyphosidae;Girella;Girella nigricans
364,0,0,101,0,0,0,0,0,0,0,0,0,0,0,0,0,0,0,0,0,0,0,0,0,0,0,0,0,0,0,0,0,0,0,0,0,0,0,0,0,0,0,0,0,0,0,0,0,0,0,0,0,0,0,0,0,0,0,0,0,0,0,0,0,0,0,0,0,0,0,0,0,0,0,0,0,0,0,0,0,0,0,0,0,0,0,0,0,0,0,0,0,0,0,0,0,0,0,0,0,0,0,0,0,0,0,0,0,0,0,0,0,0,0,0,0,0,0,0,0,0,0,0,0,0,0,0,0,0,0,0,0,0,0,0,0,0,0,0,0,0,0,0,0,0,0,0,0,0,0,0,0,0,0,0,0,0,0,0,0,0,0,0,0,0,0,Eukaryota;Chordata;Actinopteri;Centrarchiformes;;;
0,1624,0,949,0,0,48,0,0,0,0,0,0,0,0,0,0,0,0,0,0,0,0,0,97,0,0,0,0,0,0,0,0,0,0,0,0,0,0,0,300,0,0,0,0,0,0,0,0,0,0,0,0,0,0,0,0,0,0,0,0,0,243,0,0,0,1075,0,26,0,0,0,280,47,0,466,0,0,0,147,0,0,0,0,0,0,0,0,0,0,0,0,0,0,0,0,0,0,0,0,0,0,0,0,0,0,0,0,0,0,0,0,0,0,0,0,0,0,0,0,0,0,0,0,0,0,0,0,0,0,0,0,0,0,0,0,0,0,0,0,0,0,0,0,0,0,0,0,0,92,0,0,0,0,0,0,0,0,0,0,0,0,0,0,0,0,0,Eukaryota;Chordata;Chondrichthyes;;Squatinidae;Squatina;Squatina dumeril
0,0,0,0,0,0,0,0,0,0,0,0,0,0,0,0,0,0,0,0,0,0,0,0,0,428,0,0,0,0,0,204,161,0,0,0,0,0,0,0,0,0,0,0,0,0,0,0,0,0,0,0,0,0,0,0,0,0,0,0,0,0,0,0,0,0,0,0,0,0,0,0,0,0,0,0,0,0,0,0,0,0,0,0,0,0,0,0,0,0,0,0,0,0,0,0,0,0,0,0,0,0,0,0,0,0,0,0,0,0,0,0,0,0,0,0,0,0,0,0,0,0,473,0,0,0,0,0,0,0,0,0,0,0,0,0,0,0,0,0,0,0,0,0,0,0,0,0,0,0,0,0,0,0,0,0,0,0,0,0,0,0,0,0,0,0,0,Eukaryota;Chordata;Actinopteri;Scombriformes;Scombridae;;
0,0,0,0,0,76,0,0,69,0,0,0,0,0,0,0,0,0,0,0,0,0,0,0,0,0,0,0,0,143,0,0,0,0,0,0,0,0,0,0,0,0,0,0,0,0,0,0,0,0,0,0,0,0,547,0,0,0,0,0,0,0,0,0,0,0,0,0,0,0,230,0,0,0,0,0,0,5,0,0,0,0,0,66,0,0,502,0,0,49,222,0,0,0,0,0,0,0,0,0,0,0,0,0,0,0,0,0,0,0,0,0,0,79,0,0,0,0,0,0,0,0,0,0,0,0,0,0,0,0,0,0,0,0,2129,0,0,0,0,0,0,0,0,0,0,0,0,0,0,0,0,0,0,0,0,161,0,57,0,0,472,0,0,0,39,24,0,Eukaryota;Chordata;Actinopteri;Centrarchiformes;Kyphosidae;Hermosilla;Hermosilla azurea
306,47,27,1408,4490,5068,9814,240,314,677,2573,2354,2652,965,1821,1026,609,1059,1538,637,1870,2370,1384,2810,8849,7059,7639,10043,6116,5726,3109,2704,3486,0,3648,120,101,798,30,25,84,78,327,567,3972,599,0,0,2587,0,206,3860,9,183,51,686,0,32,34,38,81,781,25,47,169,145,0,353,81,613,5087,1058,4305,1270,7393,7590,6881,709,4679,9495,267,1076,6839,324,3879,6052,8732,4722,1652,2179,3651,16395,12229,8112,4418,1925,4845,17180,3477,2583,5941,5678,723,812,7861,12119,6035,41940,17439,28674,68719,39809,26522,51029,55509,47566,83,3157,2940,176,5473,3668,791,2725,661,1554,2803,7731,697,24549,326,487,621,3,0,6520,753,3821,0,471,0,131,107,7956,4101,1842,590,794,349,8731,116,439,1665,998,303,8511,4183,6067,2338,2039,3074,4571,2002,3536,2890,2084,3131,Eukaryota;Chordata;Actinopteri;Atheriniformes;Atherinopsidae;Odontesthes;
0,0,0,0,0,0,0,0,69,0,0,0,0,0,0,0,0,0,0,0,0,0,0,181,0,0,0,0,0,0,0,0,0,0,0,0,0,0,0,0,0,0,0,0,0,0,0,0,0,0,0,0,0,0,0,0,0,0,0,0,0,0,0,0,0,0,0,0,0,0,0,0,0,0,0,0,0,0,0,0,0,0,0,0,0,0,0,4224,0,0,0,0,0,0,0,0,0,0,0,0,0,0,0,0,0,0,0,167,0,0,0,0,0,0,0,0,0,0,0,0,0,0,0,0,0,0,0,0,0,0,0,0,0,0,0,0,0,0,0,0,0,0,0,0,0,0,0,0,0,0,0,0,0,0,0,0,0,0,0,0,0,0,0,0,20,41,0,Eukaryota;Chordata;Actinopteri;NA;Pomacentridae;Hypsypops;Hypsypops rubicundus
0,0,0,0,0,0,0,0,0,120,0,0,0,0,0,0,0,3,0,0,0,0,37,0,0,0,0,12,0,0,0,0,0,101,0,0,0,0,0,0,0,0,0,0,0,0,0,0,0,0,0,0,0,43,0,0,0,0,0,0,0,0,0,0,0,0,0,0,11,0,0,90,0,11,0,17,0,9,0,0,710,186,0,0,0,0,0,0,0,0,0,0,0,0,0,0,45,0,0,0,0,0,561,0,0,0,0,0,0,0,0,0,0,0,0,0,0,0,0,0,8269,0,0,2,0,0,4,0,0,0,0,0,0,0,0,0,0,0,0,0,0,0,0,0,0,0,0,0,464,0,0,0,0,0,0,0,0,0,0,0,2645,2505,0,0,117,0,0,Eukaryota;Chordata;Actinopteri;Blenniiformes;Gobiesocidae;Gobiesox;Gobiesox maeandricus
0,0,0,0,0,0,0,0,0,0,0,0,0,0,0,456,0,0,0,0,0,0,0,0,0,0,0,0,0,0,0,0,0,0,0,0,0,0,0,0,0,0,0,0,0,0,0,0,0,0,0,0,0,0,0,0,0,0,0,0,0,0,0,0,0,0,0,0,0,0,0,0,0,0,0,0,0,0,0,0,0,0,0,0,0,0,0,0,0,0,0,0,75,0,0,0,0,0,0,62,0,0,0,0,0,0,0,0,0,0,0,0,0,0,0,0,0,0,26,0,0,0,0,0,0,0,0,0,0,0,0,0,0,0,0,0,0,0,0,0,0,0,0,0,0,0,0,0,0,0,0,0,0,0,0,0,0,0,32,0,145,0,0,0,0,0,0,Eukaryota;Chordata;Actinopteri;Gobiiformes;Gobiidae;Acanthogobius;Acanthogobius flavimanus
0,0,0,0,0,0,0,0,0,0,0,0,0,0,0,0,70,0,0,0,0,0,0,0,0,0,6,0,0,0,0,0,0,0,0,0,0,0,0,128,0,6,0,18,11,0,0,0,179,0,0,0,0,0,0,0,0,0,0,0,3,0,0,0,0,0,0,0,0,3,0,1853,106,58,87,47,105,0,133,23,0,0,0,0,0,0,0,0,888,0,0,0,0,0,0,15,0,0,519,0,0,0,0,0,11,242,0,0,232,0,0,0,0,37,99,0,247,0,6,6,0,51,0,316,227,487,69,518,0,0,0,0,0,0,0,0,0,0,0,0,0,0,0,248,0,146,0,0,0,0,0,0,0,0,164,0,0,240,1580,461,26,2940,0,69,60,3380,1511,Eukaryota;Chordata;Actinopteri;Blenniiformes;Labrisomidae;Paraclinus;Paraclinus marmoratus
0,0,0,55,0,0,0,0,0,0,0,56,102,0,7,0,17,405,370,8,52,223,0,22,0,2,0,0,0,0,0,0,0,0,0,407,0,0,0,0,0,0,0,0,0,0,0,0,0,0,0,0,0,0,0,0,0,0,0,0,0,0,0,0,0,0,0,0,0,0,0,0,0,0,0,0,0,0,0,0,0,0,0,0,0,0,0,0,44,0,0,0,0,339,4,104,50,154,0,1889,0,544,1387,747,0,0,52,56,124,37,8,128,166,0,0,0,0,296,0,0,0,13,30,0,0,23,51,0,0,0,0,0,0,0,0,0,0,0,0,0,0,0,0,0,0,0,0,0,0,0,0,0,0,0,0,0,0,0,0,0,0,103,0,0,0,0,0,Eukaryota;Chordata;Actinopteri;Gobiiformes;Gobiidae;Clevelandia;Clevelandia ios
0,0,0,0,0,0,0,0,0,0,0,0,0,0,0,8,0,0,1158,0,0,0,0,0,0,17,0,31,43,0,0,15,0,0,0,0,0,0,0,0,0,0,0,0,0,0,0,0,0,0,0,0,15,24,0,0,0,0,0,0,0,376,94,0,619,11,0,0,0,0,0,0,0,0,0,0,0,0,0,0,66,0,0,0,0,0,0,0,0,0,0,0,0,124,0,20,0,0,0,284,0,0,0,7,0,0,61,0,0,0,0,111,0,20,0,0,0,133,355,39,0,0,79,0,0,0,5,38,0,0,0,0,0,0,0,0,0,0,0,0,0,0,0,0,0,9,0,0,0,0,357,0,2304,0,0,0,0,0,0,0,54,0,0,0,41,0,0,Eukaryota;Chordata;Actinopteri;Pleuronectiformes;Pleuronectidae;Hypsopsetta;Hypsopsetta guttulata
115,0,11,7,0,955,54,58,23,142,0,383,2648,608,2344,123,18,53,2251,0,0,0,52,2668,136,220,1114,839,233,1912,506,1082,30,0,23,0,0,0,0,0,0,13,98,0,0,1011,0,321,0,0,0,0,827,0,1246,0,0,17,24,94,0,307,304,54,32,854,0,0,0,1233,7763,979,1989,17082,4799,5858,4564,2173,6483,3593,0,0,11,0,0,0,0,0,3,0,0,0,0,0,0,0,0,0,0,3,0,0,0,0,16,0,0,3,0,0,0,3,0,0,0,0,0,0,0,0,0,0,0,0,0,0,0,0,0,0,0,0,0,0,0,0,0,0,0,0,0,0,0,22,0,9,0,0,0,0,7,0,0,0,0,0,0,0,8,0,21,0,4,19,18,0,4,Eukaryota;Chordata;Chondrichthyes;Myliobatiformes;Urotrygonidae;Urobatis;Urobatis jamaicensis
0,0,0,0,0,0,0,78,0,0,0,78,0,144,0,0,0,0,0,0,0,0,7,0,0,0,0,0,0,0,0,0,0,788,51,0,24,55,4,0,5,0,106,58,0,0,0,0,0,0,0,0,0,0,0,0,0,0,0,0,0,0,0,0,0,0,0,0,0,0,0,0,0,0,0,0,0,0,0,0,440,0,0,0,0,0,0,0,3,0,0,0,0,372,0,0,0,0,0,0,105,0,715,0,0,0,0,0,0,0,0,0,0,123,389,0,0,0,95,266,4001,8,0,0,0,46,0,373,0,0,0,99,0,0,0,0,0,0,0,0,0,0,0,0,325,0,0,0,0,0,90,0,0,0,0,0,0,0,0,0,0,0,0,0,0,0,0,Eukaryota;Chordata;Actinopteri;Clupeiformes;Dussumieriidae;Etrumeus;Etrumeus teres
12,17,0,138,696,0,0,0,0,0,0,0,1092,0,0,0,0,12,0,378,0,0,19,0,678,32,7,152,82,46,0,246,0,0,0,0,0,0,0,0,0,21,0,0,185,0,0,0,459,0,0,0,0,0,1611,163,127,60,0,0,0,21,80,0,212,0,180,0,108,0,0,19,0,403,310,0,139,1978,265,3493,0,160,44,27,0,0,0,53,0,0,0,0,0,67,0,0,0,0,709,0,1839,0,0,0,267,0,161,393,1454,890,529,1297,745,788,9262,0,15,0,0,0,0,57,0,0,0,0,0,236,0,688,0,0,0,0,0,0,0,457,141,0,0,0,0,130,75,324,0,0,123,0,64,0,347,234,1677,62,0,20,252,184,238,502,96,0,12,3563,1330,Eukaryota;Chordata;Actinopteri;NA;Sciaenidae;Equetus;Equetus lanceolatus
0,0,0,0,0,0,0,0,0,0,0,0,0,0,0,0,0,0,0,0,0,0,0,0,82,96,0,141,13,0,0,0,0,0,0,0,0,0,0,0,0,0,0,0,0,0,0,0,0,0,0,0,0,0,0,0,0,0,0,0,0,0,0,0,0,0,0,0,0,0,0,15,0,0,617,0,0,0,0,0,0,0,0,0,0,0,0,0,0,0,0,0,0,0,0,0,0,0,0,0,0,0,0,0,0,0,0,0,0,0,0,0,0,0,0,0,0,0,0,0,0,0,0,0,0,0,0,0,0,0,0,0,0,0,0,0,0,0,0,0,0,0,0,0,0,0,0,0,0,0,0,0,0,0,0,0,0,0,0,0,0,0,0,0,0,0,0,Eukaryota;Chordata;Chondrichthyes;Myliobatiformes;;;
0,0,0,52,0,0,0,0,0,0,0,0,0,0,0,0,0,0,0,0,0,0,0,14,60,0,144,83,0,0,0,0,0,0,0,0,0,0,0,0,0,0,0,12,0,0,0,0,0,0,0,0,0,40,0,0,0,0,0,0,317,0,0,0,0,0,0,0,0,0,0,0,0,0,0,0,0,0,0,0,0,12,0,0,0,0,0,0,0,27,0,0,0,0,0,0,0,0,0,0,0,0,0,0,0,0,0,0,0,0,0,0,0,99,0,0,0,0,0,0,0,0,0,0,0,0,0,0,0,0,0,0,0,0,0,0,0,0,0,0,0,31,0,0,0,0,0,0,0,0,0,0,261,0,0,0,0,0,0,0,0,0,0,0,0,0,0,Eukaryota;Chordata;Actinopteri;Pleuronectiformes;Pleuronectidae;Pleuronichthys;Pleuronichthys decurrens
